name,product_url,image_url,brand,product_mfrpn,old_price,price
Filtru ulei CLEAN FILTERS DO229,/filtru-ulei-clean-filters-do229-parts-270936869.htm,https://www.epiesa.ro/produse_2018_4/163/101.jpg,CLEAN FILTERS,DO 229,14,14
Filtru ulei MANN-FILTER HU726/2x,/filtru-ulei-mann-filter-hu726-2x-parts-12473659.htm,https://www.epiesa.ro/produse_2018_4/4/hu_726.2_x.jpg,MANN-FILTER,HU 726/2 x,24,21
Filtru ulei MANN-FILTER W712/75,/filtru-ulei-mann-filter-w712-75-parts-12725310.htm,https://www.epiesa.ro/produse_2018_4/4/w_712.75.jpg,MANN-FILTER,W 712/75,13,13
Filtru ulei BOSCH 0451103079,/filtru-ulei-bosch-0451103079-parts-58437734.htm,https://www.epiesa.ro/produse_2018_4/30/0451103079phanwhco00mm.jpg,BOSCH,0 451 103 079,16,16
Filtru ulei KNECHT OC90,/filtru-ulei-knecht-oc90-parts-92998367.htm,https://www.epiesa.ro/produse_2018_4/34/2674641.jpg,KNECHT,OC 90,21,18
Filtru ulei KNECHT OC90OF,/filtru-ulei-knecht-oc90of-parts-92998523.htm,https://www.epiesa.ro/produse_2018_4/34/2674641.jpg,KNECHT,OC 90 OF,17,17
Filtru ulei PURFLUX LS370,/filtru-ulei-purflux-ls370-parts-104528954.htm,https://www.epiesa.ro/produse_2018_4/38/301.bmp.jpg,PURFLUX,LS370,24,21
Filtru ulei CHAMPION G102/610,/filtru-ulei-champion-g102-610-parts-111523890.htm,https://www.epiesa.ro/produse_2018_4/43/g102_610_53215.jpg,CHAMPION,G102/610,15,14
Filtru ulei HERTH BUSS JAKOPARTS J1310900,/filtru-ulei-herth-buss-jakoparts-j1310900-parts-120126092.htm,https://www.epiesa.ro/produse_2018_4/55/j1310900.jpg,HERTH BUSS JAKOPARTS,J1310900,21,18
Filtru ulei BOSCH 1457429619,/filtru-ulei-bosch-1457429619-parts-67119372.htm,https://www.epiesa.ro/produse_2018_4/30/1457429619phanwhco00mm.jpg,BOSCH,1 457 429 619,25,21
Filtru ulei KNECHT OX143D,/filtru-ulei-knecht-ox143d-parts-93010468.htm,https://www.epiesa.ro/produse_2018_4/34/130466431.jpg,KNECHT,OX 143D,27,23
Filtru ulei PURFLUX L291,/filtru-ulei-purflux-l291-parts-104508942.htm,https://www.epiesa.ro/produse_2018_4/38/271.bmp.jpg,PURFLUX,L291,30,26
Filtru ulei CHAMPION COF100505E,/filtru-ulei-champion-cof100505e-parts-111479233.htm,https://www.epiesa.ro/produse_2018_4/43/cof100505e_1502566.jpg,CHAMPION,COF100505E,23,20
Filtru ulei HENGST FILTER E154HD48,/filtru-ulei-hengst-filter-e154hd48-parts-150538913.htm,https://www.epiesa.ro/produse_2018_4/81/d11834001-001.jpg,HENGST FILTER,E154H D48,27,23
Filtru ulei FEBI BILSTEIN 22544,/filtru-ulei-febi-bilstein-22544-parts-184771861.htm,https://www.epiesa.ro/produse_2018_4/101/22544_1.jpg,FEBI BILSTEIN,22544,37,30
Filtru ulei UFI 25.011.00,/filtru-ulei-ufi-25-011-00-parts-221517175.htm,https://www.epiesa.ro/produse_2018_4/137/2501100_d.jpg,UFI,25.011.00,30,26
Filtru ulei SOFIMA S5011PE,/filtru-ulei-sofima-s5011pe-parts-230337771.htm,https://www.epiesa.ro/produse_2018_4/142/s5011pe_d.jpg,SOFIMA,S 5011 PE,24,20
Placute frana TRW GDB400,/placute-frana-trw-gdb400-parts-253885505.htm,https://www.epiesa.ro/produse_2018_4/161/0161gdb400_1.bmp.jpg,TRW,GDB400,78,54
Kit distributie CONTITECH CT1028K3,/kit-distributie-contitech-ct1028k3-parts-83033238.htm,https://www.epiesa.ro/produse_2018_4/31/abbrevations_tr.bmp.jpg,CONTITECH,CT1028K3,400,316
Filtru ulei UFI 23.129.02,/filtru-ulei-ufi-23-129-02-parts-221450440.htm,https://www.epiesa.ro/produse_2018_4/137/23.128.00.jpg,UFI,23.129.02,17,17
Filtru ulei SOFIMA S7130R,/filtru-ulei-sofima-s7130r-parts-230387359.htm,https://www.epiesa.ro/produse_2018_4/142/s1276r.jpg,SOFIMA,S 7130 R,13,13
Filtru ulei SCT Germany SM105,/filtru-ulei-sct-germany-sm105-parts-319093962.htm,https://www.epiesa.ro/produse_2018_4/225/420.jpg,SCT Germany,SM 105,17,16
Filtru ulei NIPPARTS J1310900,/filtru-ulei-nipparts-j1310900-parts-334681677.htm,https://www.epiesa.ro/produse_2018_4/248/j1310900.jpg,NIPPARTS,J1310900,26,22
Filtru ulei CLEAN FILTERS ML030,/filtru-ulei-clean-filters-ml030-parts-271096534.htm,https://www.epiesa.ro/produse_2018_4/163/515.jpg,CLEAN FILTERS,ML 030,23,20
Filtru ulei SCT Germany SH420P,/filtru-ulei-sct-germany-sh420p-parts-319079989.htm,https://www.epiesa.ro/produse_2018_4/225/211.jpg,SCT Germany,SH 420 P,24,21
Filtru ulei FILTRON OE640/1,/filtru-ulei-filtron-oe640-1-parts-344190395.htm,https://www.epiesa.ro/produse_2018_4/256/oe640-1.jpg,FILTRON,OE640/1,34,29
Filtru ulei MAHLE ORIGINAL OX143D,/filtru-ulei-mahle-original-ox143d-parts-374538029.htm,https://www.epiesa.ro/produse_2018_4/287/130466431.jpg,MAHLE ORIGINAL,OX 143D,27,23
Filtru ulei COMLINE EOF044,/filtru-ulei-comline-eof044-parts-451667582.htm,https://www.epiesa.ro/produse_2018_4/421/eof044-1066793.jpg,COMLINE,EOF044,21,18
Filtru ulei STARLINE SFOF0018,/filtru-ulei-starline-sfof0018-parts-611914729.htm,https://www.epiesa.ro/produse_2018_4/4675/aksf_of0018_a.jpg,STARLINE,SF OF0018,23,20
Filtru ulei JC PREMIUM B1W027PR,/filtru-ulei-jc-premium-b1w027pr-parts-618253012.htm,https://www.epiesa.ro/produse_2018_4/4689/b1w027pr_4.jpg,JC PREMIUM,B1W027PR,27,23
Filtru ulei ITN FO1001/E,/filtru-ulei-itn-fo1001-e-parts-720308792.htm,/images/no-photo.jpg,ITN,FO1001/E,21,18
Filtru ulei VALEO 586502,/filtru-ulei-valeo-586502-parts-36945498.htm,https://www.epiesa.ro/produse_2018_4/21/oil_filter_586502_04.jpg,VALEO,586502,None,
Placute frana HELLA 8DB355018-131,/placute-frana-hella-8db355018-131-parts-5762737.htm,https://www.epiesa.ro/produse_2018_4/2/355018131_c.jpg,HELLA,8DB 355 018-131,125,95
Placute frana ATE 13.0460-2834.2,/placute-frana-ate-13-0460-2834-2-parts-10241490.htm,https://www.epiesa.ro/produse_2018_4/3/602834.bmp.jpg,ATE,13.0460-2834.2,138,106
Placute frana VALEO 301002,/placute-frana-valeo-301002-parts-33082263.htm,https://www.epiesa.ro/produse_2018_4/21/brake_pad_wva20772_301002.jpg,VALEO,301002,94,64
Placute frana BOSCH 0986467720,/placute-frana-bosch-0986467720-parts-61177327.htm,https://www.epiesa.ro/produse_2018_4/30/0986467720drfrwhgr00mm.jpg,BOSCH,0 986 467 720,112,86
Placute frana BOSCH 0986495212,/placute-frana-bosch-0986495212-parts-63002278.htm,https://www.epiesa.ro/produse_2018_4/30/0986495212drfrwhco00mm.jpg,BOSCH,0 986 495 212,78,54
Placute frana TEXTAR 2146304,/placute-frana-textar-2146304-parts-104808424.htm,https://www.epiesa.ro/produse_2018_4/39/21463_182__3_4_tex.jpg,TEXTAR,2146304,108,82
Placute frana JURID 571526D,/placute-frana-jurid-571526d-parts-113205047.htm,https://www.epiesa.ro/produse_2018_4/48/571526d_1593566.jpg,JURID,571526D,87,67
Placute frana JURID 571526J,/placute-frana-jurid-571526j-parts-113205222.htm,https://www.epiesa.ro/produse_2018_4/48/571526d_1593566.jpg,JURID,571526J,89,68
Kit distributie BOSCH 1987948253,/kit-distributie-bosch-1987948253-parts-69630803.htm,https://www.epiesa.ro/produse_2018_4/30/1987948253phriwhco0000.jpg,BOSCH,1 987 948 253,580,450
Set pompa apa + curea dintata CONTITECH CT1028WP1,/set-pompa-apa-curea-dintata-contitech-ct1028wp1-parts-83035024.htm,https://www.epiesa.ro/produse_2018_4/31/abbrevations_tr.bmp.jpg,CONTITECH,CT1028WP1,819,625
Set pompa apa + curea dintata CONTITECH CT1028WP2,/set-pompa-apa-curea-dintata-contitech-ct1028wp2-parts-83035864.htm,https://www.epiesa.ro/produse_2018_4/31/abbrevations_tr.bmp.jpg,CONTITECH,CT1028WP2,566,440
Set pompa apa + curea dintata CONTITECH CT1028WP3,/set-pompa-apa-curea-dintata-contitech-ct1028wp3-parts-83036829.htm,https://www.epiesa.ro/produse_2018_4/31/abbrevations_tr.bmp.jpg,CONTITECH,CT1028WP3,828,632
Filtru ulei FILTRON OP570,/filtru-ulei-filtron-op570-parts-344221517.htm,https://www.epiesa.ro/produse_2018_4/256/op570.jpg,FILTRON,OP570,21,18
Filtru ulei MAHLE ORIGINAL OC90,/filtru-ulei-mahle-original-oc90-parts-374514425.htm,https://www.epiesa.ro/produse_2018_4/287/2674641.jpg,MAHLE ORIGINAL,OC 90,21,18
Filtru ulei MAHLE ORIGINAL OC90OF,/filtru-ulei-mahle-original-oc90of-parts-374514595.htm,https://www.epiesa.ro/produse_2018_4/287/2674641.jpg,MAHLE ORIGINAL,OC 90 OF,15,14
Filtru ulei COMLINE CDW11001,/filtru-ulei-comline-cdw11001-parts-451110359.htm,/images/no-photo.jpg,COMLINE,CDW11001,21,18
Filtru ulei COMLINE EOF002,/filtru-ulei-comline-eof002-parts-451663037.htm,https://www.epiesa.ro/produse_2018_4/421/eof002-632788.jpg,COMLINE,EOF002,17,17
Filtru ulei CoopersFiaam FT5753,/filtru-ulei-coopersfiaam-ft5753-parts-462825659.htm,https://www.epiesa.ro/produse_2018_4/437/301.bmp.jpg,CoopersFiaam,FT5753,20,17
Filtru ulei STARLINE SFOF0009,/filtru-ulei-starline-sfof0009-parts-611914374.htm,https://www.epiesa.ro/produse_2018_4/4675/aksf_of0009_a.jpg,STARLINE,SF OF0009,18,16
Filtru ulei ITN FO1003,/filtru-ulei-itn-fo1003-parts-720308794.htm,/images/no-photo.jpg,ITN,FO1003,15,15
Filtru ulei QWP WOF148,/filtru-ulei-qwp-wof148-parts-720416708.htm,https://www.epiesa.ro/produse_2018_4/7000/720416708.jpg,QWP,WOF148,18,17
Filtru ulei BOSCH 0986TF0007,/filtru-ulei-bosch-0986tf0007-parts-65333994.htm,/images/no-photo.jpg,BOSCH,0 986 TF0 007,None,
Filtru ulei QUINTON HAZELL QFL0241,/filtru-ulei-quinton-hazell-qfl0241-parts-125700434.htm,https://www.epiesa.ro/produse_2018_4/57/tj_qfl0241.jpg,QUINTON HAZELL,QFL0241,None,
Filtru ulei FRAM CH8530ECO,/filtru-ulei-fram-ch8530eco-parts-128241105.htm,https://www.epiesa.ro/produse_2018_4/59/271.bmp.jpg,FRAM,CH8530ECO,None,
Filtru ulei TECNOCAR OP204,/filtru-ulei-tecnocar-op204-parts-161009213.htm,https://www.epiesa.ro/produse_2018_4/91/271.bmp.jpg,TECNOCAR,OP204,None,
Filtru ulei MAGNETI MARELLI 152071758807,/filtru-ulei-magneti-marelli-152071758807-parts-166965791.htm,https://www.epiesa.ro/produse_2018_4/95/fmh_210g_wr.jpg,MAGNETI MARELLI,152071758807,None,
Placute frana FERODO FDB845,/placute-frana-ferodo-fdb845-parts-130618945.htm,https://www.epiesa.ro/produse_2018_4/62/fdb845_1187187.jpg,FERODO,FDB845,92,63
Placute frana BREMBO P68008,/placute-frana-brembo-p68008-parts-138719301.htm,https://www.epiesa.ro/produse_2018_4/65/p68008_1.jpg,BREMBO,P 68 008,135,103
Placute frana DELPHI LP885,/placute-frana-delphi-lp885-parts-157060703.htm,https://www.epiesa.ro/produse_2018_4/89/lp885.jpg,DELPHI,LP885,94,64
Placute frana FEBI BILSTEIN 16191,/placute-frana-febi-bilstein-16191-parts-184072271.htm,https://www.epiesa.ro/produse_2018_4/101/16191_1.jpg,FEBI BILSTEIN,16191,102,78
Placute frana SWAG 60916191,/placute-frana-swag-60916191-parts-237252147.htm,https://www.epiesa.ro/produse_2018_4/151/60 91 6191_1.jpg,SWAG,60 91 6191,111,85
Placute frana ROADHOUSE 2141.20,/placute-frana-roadhouse-2141-20-parts-238983238.htm,https://www.epiesa.ro/produse_2018_4/152/0141-20.bmp.jpg,ROADHOUSE,2141.20,100,77
Placute frana ROADHOUSE 2141.32,/placute-frana-roadhouse-2141-32-parts-238983797.htm,https://www.epiesa.ro/produse_2018_4/152/0141-32-model.bmp.jpg,ROADHOUSE,2141.32,100,77
Set frana frana disc ROADHOUSE 8141.04,/set-frana-frana-disc-roadhouse-8141-04-parts-239648195.htm,https://www.epiesa.ro/produse_2018_4/152/8141_04.bmp.jpg,ROADHOUSE,8141.04,234,177
Set pompa apa + curea dintata CONTITECH CT1028WP4,/set-pompa-apa-curea-dintata-contitech-ct1028wp4-parts-83037648.htm,https://www.epiesa.ro/produse_2018_4/31/abbrevations_tr.bmp.jpg,CONTITECH,CT1028WP4,833,636
Set pompa apa + curea dintata CONTITECH CT1028WP5,/set-pompa-apa-curea-dintata-contitech-ct1028wp5-parts-83038595.htm,https://www.epiesa.ro/produse_2018_4/31/abbrevations_tr.bmp.jpg,CONTITECH,CT1028WP5,566,439
Kit distributie GATES K055569XS,/kit-distributie-gates-k055569xs-parts-91282367.htm,https://www.epiesa.ro/produse_2018_4/33/k055569xs.jpg,GATES,K055569XS,408,322
Kit distributie DAYCO KTB296,/kit-distributie-dayco-ktb296-parts-110705372.htm,https://www.epiesa.ro/produse_2018_4/42/ktb296.jpg,DAYCO,KTB296,449,354
Kit distributie SKF VKMA01250,/kit-distributie-skf-vkma01250-parts-116802394.htm,https://www.epiesa.ro/produse_2018_4/50/t0184.bmp.jpg,SKF,VKMA 01250,432,341
Kit distributie FEBI BILSTEIN 21724,/kit-distributie-febi-bilstein-21724-parts-184665794.htm,https://www.epiesa.ro/produse_2018_4/101/21724_1.jpg,FEBI BILSTEIN,21724,563,437
Kit distributie SNR KD457.49,/kit-distributie-snr-kd457-49-parts-196559126.htm,https://www.epiesa.ro/produse_2018_4/110/kd457.49.jpg,SNR,KD457.49,515,400
Set garnituri etansare arbore motor CORTECO 289076,/set-garnituri-etansare-arbore-motor-corteco-289076-parts-227973361.htm,https://www.epiesa.ro/produse_2018_4/140/engine.bmp.jpg,CORTECO,289076,200,152
Filtru ulei DREISSNER O0580DREIS,/filtru-ulei-dreissner-o0580dreis-parts-720621043.htm,/images/no-photo.jpg,DREISSNER,O0580DREIS,14,14
Filtru ulei STARLINE SFOF0132,/filtru-ulei-starline-sfof0132-parts-720908080.htm,/images/no-photo.jpg,STARLINE,SF OF0132,21,18
Filtru ulei MANN-FILTER W712/22,/filtru-ulei-mann-filter-w712-22-parts-12719322.htm,/images/no-photo.jpg,MANN-FILTER,W 712/22,None,
Filtru ulei VALEO 586010,/filtru-ulei-valeo-586010-parts-36908731.htm,https://www.epiesa.ro/produse_2018_4/21/586010.jpg,VALEO,586010,None,
Filtru ulei BOSCH 0986TF0050,/filtru-ulei-bosch-0986tf0050-parts-65336510.htm,/images/no-photo.jpg,BOSCH,0 986 TF0 050,None,
Filtru ulei CHAMPION COF101102S,/filtru-ulei-champion-cof101102s-parts-111492219.htm,https://www.epiesa.ro/produse_2018_4/43/cof101102s_1109299.jpg,CHAMPION,COF101102S,None,
Filtru ulei QUINTON HAZELL QFL0068,/filtru-ulei-quinton-hazell-qfl0068-parts-125682083.htm,https://www.epiesa.ro/produse_2018_4/57/tj_qfl0068.jpg,QUINTON HAZELL,QFL0068,None,
Filtru ulei FRAM PH10008,/filtru-ulei-fram-ph10008-parts-128267656.htm,https://www.epiesa.ro/produse_2018_4/59/301.bmp.jpg,FRAM,PH10008,None,
Filtru ulei MAGNETI MARELLI 154096056270,/filtru-ulei-magneti-marelli-154096056270-parts-167348299.htm,/images/no-photo.jpg,MAGNETI MARELLI,154096056270,None,
Filtru ulei MAGNETI MARELLI 359002300540,/filtru-ulei-magneti-marelli-359002300540-parts-172356537.htm,/images/no-photo.jpg,MAGNETI MARELLI,359002300540,None,
Filtru ulei OPTIMAL FO-00009,/filtru-ulei-optimal-fo-00009-parts-211095219.htm,https://www.epiesa.ro/produse_2018_4/129/opt_fo-00009_wm_03.jpg,OPTIMAL,FO-00009,None,
Filtru ulei MAPCO 64804,/filtru-ulei-mapco-64804-parts-215328552.htm,https://www.epiesa.ro/produse_2018_4/133/64804.bmp.jpg,MAPCO,64804,None,
Filtru ulei MEYLE 1001150007,/filtru-ulei-meyle-1001150007-parts-231489122.htm,https://www.epiesa.ro/produse_2018_4/144/fs_1001150007_2.jpg,MEYLE,100 115 0007,None,
Set frana frana disc ROADHOUSE 8141.06,/set-frana-frana-disc-roadhouse-8141-06-parts-239648405.htm,https://www.epiesa.ro/produse_2018_4/152/8141_06.bmp.jpg,ROADHOUSE,8141.06,282,206
Placute frana LPR 05P349,/placute-frana-lpr-05p349-parts-293857908.htm,https://www.epiesa.ro/produse_2018_4/197/05p349.jpg,LPR,05P349,64,44
Placute frana BRECK 214630070210,/placute-frana-breck-214630070210-parts-365465698.htm,https://www.epiesa.ro/produse_2018_4/281/21463 00 702 10_2_small.jpg,BRECK,21463 00 702 10,145,111
Placute frana COMLINE CBP1431,/placute-frana-comline-cbp1431-parts-450957931.htm,https://www.epiesa.ro/produse_2018_4/421/cbp1431-630705.jpg,COMLINE,CBP1431,82,54
Placute frana ABE C1P000ABE,/placute-frana-abe-c1p000abe-parts-535089001.htm,https://www.epiesa.ro/produse_2018_4/4426/c1p000abe_3.jpg,ABE,C1P000ABE,104,72
Placute frana KRIEGER 0950006000,/placute-frana-krieger-0950006000-parts-720200353.htm,/images/no-photo.jpg,KRIEGER,0950006000,72,49
Placute frana KROTTENDORF KRO1332,/placute-frana-krottendorf-kro1332-parts-720638000.htm,/images/no-photo.jpg,KROTTENDORF,KRO1332,70,47
Set garnituri etansare arbore motor CORTECO 289077,/set-garnituri-etansare-arbore-motor-corteco-289077-parts-227973497.htm,https://www.epiesa.ro/produse_2018_4/140/engine.bmp.jpg,CORTECO,289077,252,185
Set garnituri etansare arbore motor CORTECO 289086,/set-garnituri-etansare-arbore-motor-corteco-289086-parts-227974673.htm,https://www.epiesa.ro/produse_2018_4/140/engine.bmp.jpg,CORTECO,289086,340,250
Set garnituri etansare arbore motor CORTECO 289092,/set-garnituri-etansare-arbore-motor-corteco-289092-parts-227975416.htm,https://www.epiesa.ro/produse_2018_4/140/engine.bmp.jpg,CORTECO,289092,295,216
Set pompa apa + curea dintata HEPU PK05500,/set-pompa-apa-curea-dintata-hepu-pk05500-parts-279419593.htm,https://www.epiesa.ro/produse_2018_4/178/pk05500.bmp.jpg,HEPU,PK05500,708,545
Set pompa apa + curea dintata HEPU PK05510,/set-pompa-apa-curea-dintata-hepu-pk05510-parts-279420138.htm,https://www.epiesa.ro/produse_2018_4/178/pk05510.bmp.jpg,HEPU,PK05510,1119,835
Set pompa apa + curea dintata HEPU PK05540,/set-pompa-apa-curea-dintata-hepu-pk05540-parts-279421020.htm,https://www.epiesa.ro/produse_2018_4/178/pk05540.bmp.jpg,HEPU,PK05540,779,595
Set pompa apa + curea dintata HEPU PK05650,/set-pompa-apa-curea-dintata-hepu-pk05650-parts-279423976.htm,https://www.epiesa.ro/produse_2018_4/178/pk05650.bmp.jpg,HEPU,PK05650,696,536
Set pompa apa + curea dintata HEPU PK05690,/set-pompa-apa-curea-dintata-hepu-pk05690-parts-279424521.htm,https://www.epiesa.ro/produse_2018_4/178/pk05690.bmp.jpg,HEPU,PK05690,632,487
Filtru ulei HENGST FILTER H90W03,/filtru-ulei-hengst-filter-h90w03-parts-150855670.htm,https://www.epiesa.ro/produse_2018_4/81/d292856001-001.jpg,HENGST FILTER,H90W03,None,
Filtru ulei TECNOCAR R294,/filtru-ulei-tecnocar-r294-parts-161025987.htm,https://www.epiesa.ro/produse_2018_4/91/301.bmp.jpg,TECNOCAR,R294,None,
Filtru ulei MAGNETI MARELLI 152071758775,/filtru-ulei-magneti-marelli-152071758775-parts-166960092.htm,https://www.epiesa.ro/produse_2018_4/95/fmh_214g_wr.jpg,MAGNETI MARELLI,152071758775,None,
Filtru ulei MAGNETI MARELLI 154076895650,/filtru-ulei-magneti-marelli-154076895650-parts-167282744.htm,https://www.epiesa.ro/produse_2018_4/95/fmf_oc501_wr.jpg,MAGNETI MARELLI,154076895650,None,
Filtru ulei MAGNETI MARELLI 154077444599,/filtru-ulei-magneti-marelli-154077444599-parts-167288355.htm,/images/no-photo.jpg,MAGNETI MARELLI,154077444599,None,
Filtru ulei MAGNETI MARELLI 359002300250,/filtru-ulei-magneti-marelli-359002300250-parts-172351126.htm,/images/no-photo.jpg,MAGNETI MARELLI,359002300250,None,
Filtru ulei MAGNETI MARELLI 600000028200,/filtru-ulei-magneti-marelli-600000028200-parts-176310433.htm,https://www.epiesa.ro/produse_2018_4/95/j1310900.jpg,MAGNETI MARELLI,600000028200,None,
Filtru ulei FEBI BILSTEIN 32122,/filtru-ulei-febi-bilstein-32122-parts-185867121.htm,https://www.epiesa.ro/produse_2018_4/101/32122_1.jpg,FEBI BILSTEIN,32122,None,
Filtru ulei SWAG 30922544,/filtru-ulei-swag-30922544-parts-236050544.htm,https://www.epiesa.ro/produse_2018_4/151/30 92 2544_1.jpg,SWAG,30 92 2544,None,
Filtru ulei JAPANPARTS FO-ECO008,/filtru-ulei-japanparts-fo-eco008-parts-242537647.htm,https://www.epiesa.ro/produse_2018_4/156/fo-eco008_1.jpg,JAPANPARTS,FO-ECO008,None,
Filtru ulei VAICO V10-0331,/filtru-ulei-vaico-v10-0331-parts-267430559.htm,https://www.epiesa.ro/produse_2018_4/162/v10-0331_04_td_1.jpg,VAICO,V10-0331,None,
Set piese inspectie VAICO V10-3159,/set-piese-inspectie-vaico-v10-3159-parts-267730601.htm,https://www.epiesa.ro/produse_2018_4/162/v10-3159_02_td_1_ekp.jpg,VAICO,V10-3159,None,
Set piese inspectie VAICO V10-3190,/set-piese-inspectie-vaico-v10-3190-parts-267733163.htm,https://www.epiesa.ro/produse_2018_4/162/v10-3190_02_td_1_ekp.jpg,VAICO,V10-3190,None,
Placute frana KROTTENDORF KRO1634,/placute-frana-krottendorf-kro1634-parts-720641159.htm,/images/no-photo.jpg,KROTTENDORF,KRO1634,84,55
Placute frana MTR MT454,/placute-frana-mtr-mt454-parts-721011100.htm,/images/no-photo.jpg,MTR,MT454,98,67
Placute frana PAGID T5077,/placute-frana-pagid-t5077-parts-21159285.htm,https://www.epiesa.ro/produse_2018_4/12/21463_182__2_4.jpg,PAGID,T5077,None,
Placute frana VALEO 598002,/placute-frana-valeo-598002-parts-37343974.htm,https://www.epiesa.ro/produse_2018_4/21/brake_pad_wva20772_598002_01.jpg,VALEO,598002,None,
Placute frana VALEO 598775,/placute-frana-valeo-598775-parts-37589844.htm,/images/no-photo.jpg,VALEO,598775,None,
Placute frana VALEO 601427,/placute-frana-valeo-601427-parts-37890562.htm,https://www.epiesa.ro/produse_2018_4/21/brake_pad_wva21463_601427_01.jpg,VALEO,601427,None,
Placute frana BOSCH 0986494522,/placute-frana-bosch-0986494522-parts-62853035.htm,https://www.epiesa.ro/produse_2018_4/30/0986494522drfrwhco00mm.jpg,BOSCH,0 986 494 522,None,
Placute frana BOSCH 0986TB2005,/placute-frana-bosch-0986tb2005-parts-65153860.htm,https://www.epiesa.ro/produse_2018_4/30/0986tb2005lifrwhgr00mm.jpg,BOSCH,0 986 TB2 005,None,
Placute frana BOSCH F03A150016,/placute-frana-bosch-f03a150016-parts-80057747.htm,https://www.epiesa.ro/produse_2018_4/30/f03a150016lifrwhco00mm.jpg,BOSCH,F 03A 150 016,None,
Kit distributie INA 530020110,/kit-distributie-ina-530020110-parts-300215283.htm,https://www.epiesa.ro/produse_2018_4/204/530020110.jpg,INA,530 0201 10,475,369
Set pompa apa + curea dintata AIRTEX WPK-177603,/set-pompa-apa-curea-dintata-airtex-wpk-177603-parts-315382580.htm,https://www.epiesa.ro/produse_2018_4/220/wpk00003.jpg,AIRTEX,WPK-177603,644,496
Set pompa apa + curea dintata AIRTEX WPK-199801,/set-pompa-apa-curea-dintata-airtex-wpk-199801-parts-315384666.htm,https://www.epiesa.ro/produse_2018_4/220/wpk00003.jpg,AIRTEX,WPK-199801,747,575
Kit distributie RUVILLE 5573970,/kit-distributie-ruville-5573970-parts-45001189.htm,https://www.epiesa.ro/produse_2018_4/23/5573970.jpg,RUVILLE,5573970,None,
Filtru ulei MEYLE 6140650004,/filtru-ulei-meyle-6140650004-parts-234039773.htm,https://www.epiesa.ro/produse_2018_4/144/fs_103557.jpg,MEYLE,614 065 0004,None,
Filtru ulei AMC Filter DO-710,/filtru-ulei-amc-filter-do-710-parts-234475719.htm,https://www.epiesa.ro/produse_2018_4/146/do-710.jpg,AMC Filter,DO-710,None,
Filtru ulei AMC Filter DO-711,/filtru-ulei-amc-filter-do-711-parts-234475823.htm,https://www.epiesa.ro/produse_2018_4/146/do-711.jpg,AMC Filter,DO-711,None,
Filtru ulei SWAG 40932122,/filtru-ulei-swag-40932122-parts-236774846.htm,https://www.epiesa.ro/produse_2018_4/151/40 93 2122_1.jpg,SWAG,40 93 2122,None,
Filtru ulei JAPANPARTS FO-098S,/filtru-ulei-japanparts-fo-098s-parts-242523495.htm,https://www.epiesa.ro/produse_2018_4/156/fo-098s_1.jpg,JAPANPARTS,FO-098S,None,
Filtru ulei JAPANPARTS FO-398S,/filtru-ulei-japanparts-fo-398s-parts-242530373.htm,https://www.epiesa.ro/produse_2018_4/156/fo-398s_6.jpg,JAPANPARTS,FO-398S,None,
Filtru ulei VAICO V40-0079,/filtru-ulei-vaico-v40-0079-parts-269858049.htm,https://www.epiesa.ro/produse_2018_4/162/v40-0079_02_td_1.jpg,VAICO,V40-0079,None,
Filtru ulei ALCO FILTER SP-935,/filtru-ulei-alco-filter-sp-935-parts-280031226.htm,https://www.epiesa.ro/produse_2018_4/180/sp-935.jpg,ALCO FILTER,SP-935,None,
Filtru ulei ALCO FILTER MD-355,/filtru-ulei-alco-filter-md-355-parts-279720769.htm,https://www.epiesa.ro/produse_2018_4/180/md-355.jpg,ALCO FILTER,MD-355,None,
Filtru ulei KAMOKA F100601,/filtru-ulei-kamoka-f100601-parts-284773448.htm,https://www.epiesa.ro/produse_2018_4/185/f100601_d.jpg,KAMOKA,F100601,None,
Filtru ulei DENCKERMANN A210019,/filtru-ulei-denckermann-a210019-parts-285299512.htm,https://www.epiesa.ro/produse_2018_4/186/a210019.jpg,DENCKERMANN,A210019,None,
Filtru ulei TRUCKTEC AUTOMOTIVE 07.18.024,/filtru-ulei-trucktec-automotive-07-18-024-parts-308417344.htm,https://www.epiesa.ro/produse_2018_4/209/07.18.024.jpg,TRUCKTEC AUTOMOTIVE,07.18.024,None,
Filtru ulei MECAFILTER ELH4216,/filtru-ulei-mecafilter-elh4216-parts-314567924.htm,https://www.epiesa.ro/produse_2018_4/218/elh4216.bmp.jpg,MECAFILTER,ELH4216,None,
Filtru ulei SCT Germany SH420L,/filtru-ulei-sct-germany-sh420l-parts-319079874.htm,https://www.epiesa.ro/produse_2018_4/225/211.jpg,SCT Germany,SH 420 L,None,
Filtru ulei MEAT DORIA 14003,/filtru-ulei-meat-doria-14003-parts-330712178.htm,https://www.epiesa.ro/produse_2018_4/244/14003.jpg,MEAT DORIA,14003,None,
Placute frana TEXTAR 2146303,/placute-frana-textar-2146303-parts-104808258.htm,https://www.epiesa.ro/produse_2018_4/39/21463_182__2_4.jpg,TEXTAR,2146303,None,
Set frana frana disc TEXTAR 89002400,/set-frana-frana-disc-textar-89002400-parts-106607007.htm,https://www.epiesa.ro/produse_2018_4/39/98200_0362_0_1_tex.jpg,TEXTAR,89002400,None,
Set frana frana disc TEXTAR 89002500,/set-frana-frana-disc-textar-89002500-parts-106607187.htm,https://www.epiesa.ro/produse_2018_4/39/98200_0361_0_1_tex.jpg,TEXTAR,89002500,None,
Set frana frana disc TEXTAR 89011200,/set-frana-frana-disc-textar-89011200-parts-106622830.htm,https://www.epiesa.ro/produse_2018_4/39/98200_1009_0_1_tex.jpg,TEXTAR,89011200,None,
Placute frana CHAMPION 571526CH,/placute-frana-champion-571526ch-parts-110929700.htm,https://www.epiesa.ro/produse_2018_4/43/571526ch_1226065.jpg,CHAMPION,571526CH,None,
Placute frana BENDIX 510434,/placute-frana-bendix-510434-parts-115180658.htm,https://www.epiesa.ro/produse_2018_4/49/510434.jpg,BENDIX,510434,None,
Placute frana FTE BL1060B1,/placute-frana-fte-bl1060b1-parts-118277607.htm,https://www.epiesa.ro/produse_2018_4/54/bl1060b1.jpg,FTE,BL1060B1,None,
Placute frana FTE BL1323A2,/placute-frana-fte-bl1323a2-parts-118325217.htm,https://www.epiesa.ro/produse_2018_4/54/bl1323a2.jpg,FTE,BL1323A2,None,
Placute frana QUINTON HAZELL BP750,/placute-frana-quinton-hazell-bp750-parts-123742842.htm,https://www.epiesa.ro/produse_2018_4/57/qh_bp750.jpg,QUINTON HAZELL,BP750,None,
Kit distributie BOSCH 1987948007,/kit-distributie-bosch-1987948007-parts-69564708.htm,https://www.epiesa.ro/produse_2018_4/30/1987948007phfrwhgr0000.jpg,BOSCH,1 987 948 007,None,
Kit distributie QUINTON HAZELL QBK625,/kit-distributie-quinton-hazell-qbk625-parts-124508853.htm,https://www.epiesa.ro/produse_2018_4/57/qh_qbk625_diagram.jpg,QUINTON HAZELL,QBK625,None,
Kit distributie OPTIBELT KT1237,/kit-distributie-optibelt-kt1237-parts-137070065.htm,https://www.epiesa.ro/produse_2018_4/64/zrk_abk.jpg,OPTIBELT,KT 1237,None,
Filtru ulei KAMOKA F100201,/filtru-ulei-kamoka-f100201-parts-284772902.htm,https://www.epiesa.ro/produse_2018_4/185/f100201_d.jpg,KAMOKA,F100201,None,
Filtru ulei DENCKERMANN A210002,/filtru-ulei-denckermann-a210002-parts-285297654.htm,https://www.epiesa.ro/produse_2018_4/186/a210002.jpg,DENCKERMANN,A210002,None,
Filtru ulei DENCKERMANN A210210PL,/filtru-ulei-denckermann-a210210pl-parts-285314454.htm,https://www.epiesa.ro/produse_2018_4/186/a210210pl.jpg,DENCKERMANN,A210210PL,None,
Filtru ulei DENCKERMANN A210466,/filtru-ulei-denckermann-a210466-parts-285323246.htm,/images/no-photo.jpg,DENCKERMANN,A210466,None,
Filtru ulei KAVO PARTS DO-710,/filtru-ulei-kavo-parts-do-710-parts-298140186.htm,https://www.epiesa.ro/produse_2018_4/201/do-710.jpg,KAVO PARTS,DO-710,None,
Filtru ulei KAVO PARTS DO-711,/filtru-ulei-kavo-parts-do-711-parts-298140291.htm,https://www.epiesa.ro/produse_2018_4/201/do-711.jpg,KAVO PARTS,DO-711,None,
Filtru ulei MECAFILTER ELH4120,/filtru-ulei-mecafilter-elh4120-parts-314559375.htm,https://www.epiesa.ro/produse_2018_4/218/elh4120.bmp.jpg,MECAFILTER,ELH4120,None,
Filtru ulei MEAT DORIA 15139,/filtru-ulei-meat-doria-15139-parts-330732326.htm,https://www.epiesa.ro/produse_2018_4/244/15139.jpg,MEAT DORIA,15139,None,
Filtru ulei MEAT DORIA 15139/14,/filtru-ulei-meat-doria-15139-14-parts-330732440.htm,https://www.epiesa.ro/produse_2018_4/244/15139.14.jpg,MEAT DORIA,15139/14,None,
Filtru ulei MGA FH1007,/filtru-ulei-mga-fh1007-parts-337538628.htm,https://www.epiesa.ro/produse_2018_4/249/fh1007.jpg,MGA,FH1007,None,
Filtru ulei ASHIKA 10-ECO008,/filtru-ulei-ashika-10-eco008-parts-344428112.htm,https://www.epiesa.ro/produse_2018_4/257/10-eco008_1.jpg,ASHIKA,10-ECO008,None,
Filtru ulei JP GROUP 1118502400,/filtru-ulei-jp-group-1118502400-parts-352608866.htm,https://www.epiesa.ro/produse_2018_4/268/1118502400.bmp.jpg,JP GROUP,1118502400,None,
Filtru ulei TOPRAN 108007,/filtru-ulei-topran-108007-parts-383779271.htm,https://www.epiesa.ro/produse_2018_4/301/85875.jpg,TOPRAN,108 007,None,
Filtru ulei FRIGAIR CT10.704,/filtru-ulei-frigair-ct10-704-parts-389062255.htm,https://www.epiesa.ro/produse_2018_4/313/ct10.704.jpg,FRIGAIR,CT10.704,None,
Placute frana QUINTON HAZELL MBP750,/placute-frana-quinton-hazell-mbp750-parts-124332517.htm,/images/no-photo.jpg,QUINTON HAZELL,MBP750,None,
Placute frana FERODO FDB845B,/placute-frana-ferodo-fdb845b-parts-130619141.htm,https://www.epiesa.ro/produse_2018_4/62/fdb845b_1187186.jpg,FERODO,FDB845B,None,
Placute frana FERODO FDB845F,/placute-frana-ferodo-fdb845f-parts-130619340.htm,https://www.epiesa.ro/produse_2018_4/62/fdb845f_1099542.jpg,FERODO,FDB845F,None,
Placute frana FERODO FSL845,/placute-frana-ferodo-fsl845-parts-131356516.htm,https://www.epiesa.ro/produse_2018_4/62/fsl845_78050.jpg,FERODO,FSL845,None,
Set frana frana disc BREMBO DP68002,/set-frana-frana-disc-brembo-dp68002-parts-137912818.htm,/images/no-photo.jpg,BREMBO,DP 68 002,None,
Set frana frana disc BREMBO DP68005,/set-frana-frana-disc-brembo-dp68005-parts-137912923.htm,/images/no-photo.jpg,BREMBO,DP 68 005,None,
Placute frana BREMBO P68008N,/placute-frana-brembo-p68008n-parts-138896752.htm,https://www.epiesa.ro/produse_2018_4/65/p68008n.jpg,BREMBO,P68008N,None,
Placute frana MINTEX MDB1214,/placute-frana-mintex-mdb1214-parts-143301274.htm,/images/no-photo.jpg,MINTEX,MDB1214,None,
Placute frana MINTEX MDB1628,/placute-frana-mintex-mdb1628-parts-143356637.htm,https://www.epiesa.ro/produse_2018_4/73/21463_182__2_4.jpg,MINTEX,MDB1628,None,
Kit distributie DELPHI KDB296,/kit-distributie-delphi-kdb296-parts-156338620.htm,https://www.epiesa.ro/produse_2018_4/89/kdb296.jpg,DELPHI,KDB296,None,
Kit distributie METZGER WM-Z022,/kit-distributie-metzger-wm-z022-parts-164944557.htm,https://www.epiesa.ro/produse_2018_4/94/wm-z022.bmp.jpg,METZGER,WM-Z 022,None,
Kit distributie MAGNETI MARELLI 341304790000,/kit-distributie-magneti-marelli-341304790000-parts-169299723.htm,https://www.epiesa.ro/produse_2018_4/95/kcf_mmk0479_wr.jpg,MAGNETI MARELLI,341304790000,None,
Kit distributie MAGNETI MARELLI 341311071203,/kit-distributie-magneti-marelli-341311071203-parts-169359388.htm,/images/no-photo.jpg,MAGNETI MARELLI,341311071203,None,
Set pompa apa + curea dintata FEBI BILSTEIN 40618,/set-pompa-apa-curea-dintata-febi-bilstein-40618-parts-186952969.htm,https://www.epiesa.ro/produse_2018_4/101/40618_1.jpg,FEBI BILSTEIN,40618,None,
Set pompa apa + curea dintata FEBI BILSTEIN 45133,/set-pompa-apa-curea-dintata-febi-bilstein-45133-parts-187535358.htm,https://www.epiesa.ro/produse_2018_4/101/45133_1.jpg,FEBI BILSTEIN,45133,None,
Set garnituri etansare arbore motor TRISCAN 855010059,/set-garnituri-etansare-arbore-motor-triscan-855010059-parts-194520605.htm,https://www.epiesa.ro/produse_2018_4/108/855010059_2.jpg,TRISCAN,8550 10059,None,
Kit distributie TRISCAN 864729048,/kit-distributie-triscan-864729048-parts-195094794.htm,https://www.epiesa.ro/produse_2018_4/108/864729039_5.jpg,TRISCAN,8647 29048,None,
Filtru ulei MEAT DORIA 15139/2,/filtru-ulei-meat-doria-15139-2-parts-330732571.htm,https://www.epiesa.ro/produse_2018_4/244/15139.2.jpg,MEAT DORIA,15139/2,None,
Filtru ulei ASHIKA 10-00-098,/filtru-ulei-ashika-10-00-098-parts-344412295.htm,https://www.epiesa.ro/produse_2018_4/257/10-00-098_1.jpg,ASHIKA,10-00-098,None,
Filtru ulei ASHIKA 10-03-398,/filtru-ulei-ashika-10-03-398-parts-344419240.htm,https://www.epiesa.ro/produse_2018_4/257/10-03-398_6.jpg,ASHIKA,10-03-398,None,
Filtru ulei TOPRAN 201305,/filtru-ulei-topran-201305-parts-384360680.htm,https://www.epiesa.ro/produse_2018_4/301/89098.jpg,TOPRAN,201 305,None,
Filtru ulei TOPRAN 206547,/filtru-ulei-topran-206547-parts-384441450.htm,https://www.epiesa.ro/produse_2018_4/301/89793.jpg,TOPRAN,206 547,None,
Filtru ulei FRIGAIR CT07.706,/filtru-ulei-frigair-ct07-706-parts-389061472.htm,https://www.epiesa.ro/produse_2018_4/313/ct07.706.jpg,FRIGAIR,CT07.706,None,
Filtru ulei MALO 1510035,/filtru-ulei-malo-1510035-parts-390766339.htm,https://www.epiesa.ro/produse_2018_4/317/1510035.jpg,MALO,1510035,None,
Filtru ulei WIX FILTERS WL7129,/filtru-ulei-wix-filters-wl7129-parts-394216288.htm,https://www.epiesa.ro/produse_2018_4/324/wl7129.jpg,WIX FILTERS,WL7129,None,
Filtru ulei MALO 1510016,/filtru-ulei-malo-1510016-parts-390764354.htm,https://www.epiesa.ro/produse_2018_4/317/1510016.jpg,MALO,1510016,None,
Filtru ulei AUTOMEGA 180042810,/filtru-ulei-automega-180042810-parts-393633602.htm,https://www.epiesa.ro/produse_2018_4/323/180042810.jpg,AUTOMEGA,180042810,None,
Filtru ulei WIX FILTERS WL7008,/filtru-ulei-wix-filters-wl7008-parts-394207222.htm,https://www.epiesa.ro/produse_2018_4/324/wl7008.jpg,WIX FILTERS,WL7008,None,
Filtru ulei HOFFER 14003,/filtru-ulei-hoffer-14003-parts-407470513.htm,https://www.epiesa.ro/produse_2018_4/341/14003.jpg,HOFFER,14003,None,
Set frana frana disc MINTEX MDK0083,/set-frana-frana-disc-mintex-mdk0083-parts-144010984.htm,https://www.epiesa.ro/produse_2018_4/73/98200_0362_0_1.jpg,MINTEX,MDK0083,None,
Set frana frana disc MINTEX MDK0175,/set-frana-frana-disc-mintex-mdk0175-parts-144019741.htm,https://www.epiesa.ro/produse_2018_4/73/98200_0361_0_1.jpg,MINTEX,MDK0175,None,
Set frana frana disc MINTEX MDK0190,/set-frana-frana-disc-mintex-mdk0190-parts-144022114.htm,https://www.epiesa.ro/produse_2018_4/73/98200_0549_0_1.jpg,MINTEX,MDK0190,None,
Placute frana METZGER 0141.32,/placute-frana-metzger-0141-32-parts-161109155.htm,https://www.epiesa.ro/produse_2018_4/94/0141.32.bmp.jpg,METZGER,0141.32,None,
Placute frana METZGER 1170009,/placute-frana-metzger-1170009-parts-162113929.htm,https://www.epiesa.ro/produse_2018_4/94/1170009 (2).bmp.jpg,METZGER,1170009,None,
Placute frana MAGNETI MARELLI 323700000100,/placute-frana-magneti-marelli-323700000100-parts-168514204.htm,/images/no-photo.jpg,MAGNETI MARELLI,323700000100,None,
Placute frana MAGNETI MARELLI 363700205077,/placute-frana-magneti-marelli-363700205077-parts-174051540.htm,/images/no-photo.jpg,MAGNETI MARELLI,363700205077,None,
Set accesorii placute frana TRISCAN 8105251597,/set-accesorii-placute-frana-triscan-8105251597-parts-190861800.htm,https://www.epiesa.ro/produse_2018_4/108/8105251597.jpg,TRISCAN,8105 251597,None,
Placute frana TRISCAN 811010041,/placute-frana-triscan-811010041-parts-190892145.htm,https://www.epiesa.ro/produse_2018_4/108/811010041.jpg,TRISCAN,8110 10041,None,
Kit distributie NK 10147021,/kit-distributie-nk-10147021-parts-203794346.htm,https://www.epiesa.ro/produse_2018_4/127/10147021_1.jpg,NK,10147021,None,
Kit distributie OPTIMAL SK-1372,/kit-distributie-optimal-sk-1372-parts-212883053.htm,https://www.epiesa.ro/produse_2018_4/129/opt_sk-1372_wm_01.jpg,OPTIMAL,SK-1372,None,
Kit distributie MAPCO 23816,/kit-distributie-mapco-23816-parts-213706103.htm,https://www.epiesa.ro/produse_2018_4/133/23816.bmp.jpg,MAPCO,23816,None,
Filtru ulei HOFFER 15139,/filtru-ulei-hoffer-15139-parts-407490658.htm,https://www.epiesa.ro/produse_2018_4/341/15139.jpg,HOFFER,15139,None,
Filtru ulei HOFFER 15139/14,/filtru-ulei-hoffer-15139-14-parts-407490772.htm,https://www.epiesa.ro/produse_2018_4/341/15139.14.jpg,HOFFER,15139/14,None,
Filtru ulei HOFFER 15139/2,/filtru-ulei-hoffer-15139-2-parts-407490903.htm,https://www.epiesa.ro/produse_2018_4/341/15139.2.jpg,HOFFER,15139/2,None,
Filtru ulei BLUE PRINT ADG02102,/filtru-ulei-blue-print-adg02102-parts-411477049.htm,https://www.epiesa.ro/produse_2018_4/350/adg02102_1.jpg,BLUE PRINT,ADG02102,None,
Filtru ulei BLUE PRINT ADG02103,/filtru-ulei-blue-print-adg02103-parts-411477202.htm,/images/no-photo.jpg,BLUE PRINT,ADG02103,None,
Filtru ulei MASTER-SPORT 712/22-MG-OF-PCS-MS,/filtru-ulei-master-sport-712-22-mg-of-pcs-ms-parts-421467932.htm,https://www.epiesa.ro/produse_2018_4/358/magnet-filter.jpg,MASTER-SPORT,712/22-MG-OF-PCS-MS,None,
Filtru ulei UNIFLUX FILTERS XO17,/filtru-ulei-uniflux-filters-xo17-parts-424480223.htm,https://www.epiesa.ro/produse_2018_4/364/xo125.jpg,UNIFLUX FILTERS,XO17,None,
Filtru ulei OPEN PARTS EOF4011.20,/filtru-ulei-open-parts-eof4011-20-parts-431364990.htm,https://www.epiesa.ro/produse_2018_4/378/eof401120.jpg,OPEN PARTS,EOF4011.20,None,
Filtru ulei KLAXCAR FRANCE FH010z,/filtru-ulei-klaxcar-france-fh010z-parts-435331183.htm,https://www.epiesa.ro/produse_2018_4/387/3468629401016.bmp.jpg,KLAXCAR FRANCE,FH010z,None,
Filtru ulei BLUE PRINT ADV182117,/filtru-ulei-blue-print-adv182117-parts-414367078.htm,https://www.epiesa.ro/produse_2018_4/350/adv182117_1.jpg,BLUE PRINT,ADV182117,None,
Filtru ulei DT Spare Parts 11.13100,/filtru-ulei-dt-spare-parts-11-13100-parts-416034820.htm,https://www.epiesa.ro/produse_2018_4/355/11_13100_k.jpg,DT Spare Parts,11.13100,None,
Set filtre MASTER-SPORT 450001042-KIT-MS,/set-filtre-master-sport-450001042-kit-ms-parts-421375510.htm,/images/no-photo.jpg,MASTER-SPORT,450001042-KIT-MS,None,
Filtru ulei UNIFLUX FILTERS XOE30,/filtru-ulei-uniflux-filters-xoe30-parts-424525312.htm,https://www.epiesa.ro/produse_2018_4/364/xo602r.jpg,UNIFLUX FILTERS,XOE30,None,
Placute frana TRISCAN 811025005,/placute-frana-triscan-811025005-parts-191001794.htm,https://www.epiesa.ro/produse_2018_4/108/811025005.jpg,TRISCAN,8110 25005,None,
Placute frana TRISCAN 811025010,/placute-frana-triscan-811025010-parts-191002431.htm,https://www.epiesa.ro/produse_2018_4/108/811025010.jpg,TRISCAN,8110 25010,None,
Placute frana METELLI 22-0120-0K,/placute-frana-metelli-22-0120-0k-parts-201649097.htm,https://www.epiesa.ro/produse_2018_4/121/22-0120-0k.jpg,METELLI,22-0120-0K,None,
Placute frana NK 229957,/placute-frana-nk-229957-parts-204737774.htm,https://www.epiesa.ro/produse_2018_4/127/229957_1.jpg,NK,229957,None,
Placute frana OPTIMAL 9416,/placute-frana-optimal-9416-parts-208496456.htm,https://www.epiesa.ro/produse_2018_4/129/opt_9416_wm_09.jpg,OPTIMAL,9416,None,
Placute frana OPTIMAL 9870,/placute-frana-optimal-9870-parts-208606496.htm,https://www.epiesa.ro/produse_2018_4/129/opt_9870_wm_02.jpg,OPTIMAL,9870,None,
Placute frana MAPCO 6377,/placute-frana-mapco-6377-parts-215307592.htm,https://www.epiesa.ro/produse_2018_4/133/6377.bmp.jpg,MAPCO,6377,None,
Set garnituri etansare arbore motor CORTECO 289078,/set-garnituri-etansare-arbore-motor-corteco-289078-parts-227973624.htm,https://www.epiesa.ro/produse_2018_4/140/engine.bmp.jpg,CORTECO,289078,None,
Set garnituri etansare arbore motor CORTECO 289079,/set-garnituri-etansare-arbore-motor-corteco-289079-parts-227973751.htm,https://www.epiesa.ro/produse_2018_4/140/engine.bmp.jpg,CORTECO,289079,None,
Kit distributie MEYLE 1510490009,/kit-distributie-meyle-1510490009-parts-232390376.htm,https://www.epiesa.ro/produse_2018_4/144/fs_1510490009_1.jpg,MEYLE,151 049 0009,None,
Filtru ulei MAXGEAR 26-0074,/filtru-ulei-maxgear-26-0074-parts-442069059.htm,https://www.epiesa.ro/produse_2018_4/403/26-0074.jpg,MAXGEAR,26-0074,None,
Filtru ulei KOLBENSCHMIDT 50013100,/filtru-ulei-kolbenschmidt-50013100-parts-454475193.htm,https://www.epiesa.ro/produse_2018_4/432/50013100.jpg,KOLBENSCHMIDT,50013100,None,
Filtru ulei KOLBENSCHMIDT 50013100/10,/filtru-ulei-kolbenschmidt-50013100-10-parts-454475319.htm,/images/no-photo.jpg,KOLBENSCHMIDT,50013100/10,None,
Filtru ulei NPS D131O01,/filtru-ulei-nps-d131o01-parts-463209959.htm,https://www.epiesa.ro/produse_2018_4/440/d131o01a.jpg,NPS,D131O01,None,
Filtru ulei ASHUKI J001-01I,/filtru-ulei-ashuki-j001-01i-parts-469220797.htm,https://www.epiesa.ro/produse_2018_4/442/j001-01i.jpg,ASHUKI,J001-01I,None,
Filtru ulei MFILTER TF32,/filtru-ulei-mfilter-tf32-parts-485812519.htm,https://www.epiesa.ro/produse_2018_4/462/tf 32..jpg,MFILTER,TF 32,None,
Filtru ulei BORG BECK BFO4013,/filtru-ulei-borg-beck-bfo4013-parts-489141149.htm,https://www.epiesa.ro/produse_2018_4/475/bfo4013-179548.jpg,BORG BECK,BFO4013,None,
Filtru ulei JAPKO 10098,/filtru-ulei-japko-10098-parts-497391391.htm,https://www.epiesa.ro/produse_2018_4/481/10098_1.jpg,JAPKO,10098,None,
Filtru ulei OPEN PARTS EOF4006.10,/filtru-ulei-open-parts-eof4006-10-parts-431364454.htm,https://www.epiesa.ro/produse_2018_4/378/eof400610.jpg,OPEN PARTS,EOF4006.10,None,
Filtru ulei KLAXCAR FRANCE FH013z,/filtru-ulei-klaxcar-france-fh013z-parts-435331409.htm,https://www.epiesa.ro/produse_2018_4/387/3468629401313.bmp.jpg,KLAXCAR FRANCE,FH013z,None,
Filtru ulei MAXGEAR 26-0128,/filtru-ulei-maxgear-26-0128-parts-442073158.htm,https://www.epiesa.ro/produse_2018_4/403/26-0128.jpg,MAXGEAR,26-0128,None,
Filtru ulei KOLBENSCHMIDT 50013488,/filtru-ulei-kolbenschmidt-50013488-parts-454506810.htm,https://www.epiesa.ro/produse_2018_4/432/50013488.jpg,KOLBENSCHMIDT,50013488,None,
Placute frana MEYLE 0252146318/PD,/placute-frana-meyle-0252146318-pd-parts-230913621.htm,https://www.epiesa.ro/produse_2018_4/144/zs_0252146318pd_1.jpg,MEYLE,025 214 6318/PD,None,
Placute frana MEYLE 0252146318/W,/placute-frana-meyle-0252146318-w-parts-230913890.htm,https://www.epiesa.ro/produse_2018_4/144/zs_0252146318w_1.jpg,MEYLE,025 214 6318/W,None,
Set frana frana disc ROADHOUSE 8141.05,/set-frana-frana-disc-roadhouse-8141-05-parts-239648300.htm,https://www.epiesa.ro/produse_2018_4/152/8141_05.bmp.jpg,ROADHOUSE,8141.05,None,
Placute frana REMSA 0141.20,/placute-frana-remsa-0141-20-parts-239812399.htm,https://www.epiesa.ro/produse_2018_4/153/0141-20.bmp.jpg,REMSA,0141.20,None,
Placute frana REMSA 0141.32,/placute-frana-remsa-0141-32-parts-239812980.htm,https://www.epiesa.ro/produse_2018_4/153/0141-32-model.bmp.jpg,REMSA,0141.32,None,
Set frana frana disc REMSA 8141.04,/set-frana-frana-disc-remsa-8141-04-parts-240617654.htm,https://www.epiesa.ro/produse_2018_4/153/8141_04.bmp.jpg,REMSA,8141.04,None,
Set frana frana disc REMSA 8141.05,/set-frana-frana-disc-remsa-8141-05-parts-240617759.htm,https://www.epiesa.ro/produse_2018_4/153/8141_05.bmp.jpg,REMSA,8141.05,None,
Set frana frana disc REMSA 8141.06,/set-frana-frana-disc-remsa-8141-06-parts-240617864.htm,https://www.epiesa.ro/produse_2018_4/153/8141_06.bmp.jpg,REMSA,8141.06,None,
Kit distributie SWAG 30921724,/kit-distributie-swag-30921724-parts-236042982.htm,https://www.epiesa.ro/produse_2018_4/151/30 92 1724_1.jpg,SWAG,30 92 1724,None,
Set pompa apa + curea dintata SWAG 30940618,/set-pompa-apa-curea-dintata-swag-30940618-parts-236344433.htm,https://www.epiesa.ro/produse_2018_4/151/30 94 0618_1.jpg,SWAG,30 94 0618,None,
Set pompa apa + curea dintata SWAG 30945133,/set-pompa-apa-curea-dintata-swag-30945133-parts-236382889.htm,https://www.epiesa.ro/produse_2018_4/151/30 94 5133_1.jpg,SWAG,30 94 5133,None,
Filtru ulei JAPKO 10398,/filtru-ulei-japko-10398-parts-497426823.htm,https://www.epiesa.ro/produse_2018_4/481/10398_6.jpg,JAPKO,10398,None,
Filtru ulei MULLER FILTER FO317,/filtru-ulei-muller-filter-fo317-parts-503735706.htm,https://www.epiesa.ro/produse_2018_4/490/fo317.jpg,MULLER FILTER,FO317,None,
Filtru ulei TECNECO FILTERS OL220/1,/filtru-ulei-tecneco-filters-ol220-1-parts-507385923.htm,https://www.epiesa.ro/produse_2018_4/4011/ol100_79.jpg,TECNECO FILTERS,OL220/1,None,
Filtru ulei TECNECO FILTERS OL317,/filtru-ulei-tecneco-filters-ol317-parts-507389342.htm,https://www.epiesa.ro/produse_2018_4/4011/ol1277.jpg,TECNECO FILTERS,OL317,None,
Filtru ulei Sampiyon Filtre CS1590,/filtru-ulei-sampiyon-filtre-cs1590-parts-514023055.htm,https://www.epiesa.ro/produse_2018_4/4263/cs 0001 h.jpg,Sampiyon Filtre,CS 1590,None,
Filtru ulei WE PARTS 311110032,/filtru-ulei-we-parts-311110032-parts-516055110.htm,https://www.epiesa.ro/produse_2018_4/4275/15139.jpg,WE PARTS,311110032,None,
Filtru ulei WE PARTS 311110124,/filtru-ulei-we-parts-311110124-parts-516064281.htm,https://www.epiesa.ro/produse_2018_4/4275/15139.14.jpg,WE PARTS,311110124,None,
Filtru ulei WE PARTS 311110125,/filtru-ulei-we-parts-311110125-parts-516064413.htm,https://www.epiesa.ro/produse_2018_4/4275/15139.2.jpg,WE PARTS,311110125,None,
Filtru ulei CoopersFiaam FA5412ECO,/filtru-ulei-coopersfiaam-fa5412eco-parts-462743509.htm,https://www.epiesa.ro/produse_2018_4/437/271.bmp.jpg,CoopersFiaam,FA5412ECO,None,
Filtru ulei NPS U131L03,/filtru-ulei-nps-u131l03-parts-466729658.htm,https://www.epiesa.ro/produse_2018_4/440/u131l03a.jpg,NPS,U131L03,None,
Filtru ulei MFILTER TE605,/filtru-ulei-mfilter-te605-parts-485806736.htm,https://www.epiesa.ro/produse_2018_4/462/te605.jpg,MFILTER,TE 605,None,
Placute frana JAPANPARTS PA-035AF,/placute-frana-japanparts-pa-035af-parts-243856763.htm,https://www.epiesa.ro/produse_2018_4/156/pa-035af_1.jpg,JAPANPARTS,PA-035AF,None,
Placute frana ICER 180554,/placute-frana-icer-180554-parts-245388852.htm,https://www.epiesa.ro/produse_2018_4/158/180554.PNG,ICER,180554,None,
Placute frana ICER 180554-700,/placute-frana-icer-180554-700-parts-245389055.htm,https://www.epiesa.ro/produse_2018_4/158/180554-700.PNG,ICER,180554-700,None,
Placute frana ICER 180993,/placute-frana-icer-180993-parts-245441890.htm,https://www.epiesa.ro/produse_2018_4/158/180993.PNG,ICER,180993,None,
Placute frana ICER 180993-700,/placute-frana-icer-180993-700-parts-245442292.htm,https://www.epiesa.ro/produse_2018_4/158/180993-700.PNG,ICER,180993-700,None,
Placute frana VAICO V46-4101,/placute-frana-vaico-v46-4101-parts-270375846.htm,https://www.epiesa.ro/produse_2018_4/162/v46-4101_02_td_1_q.jpg,VAICO,V46-4101,None,
Placute frana AISIN BPRE-1004,/placute-frana-aisin-bpre-1004-parts-271443236.htm,https://www.epiesa.ro/produse_2018_4/166/bpre-1004 01.jpg,AISIN,BPRE-1004,None,
Placute frana KAMOKA 1011690,/placute-frana-kamoka-1011690-parts-284078252.htm,https://www.epiesa.ro/produse_2018_4/185/1011690.bmp.jpg,KAMOKA,1011690,None,
Placute frana KAMOKA JQ1011690,/placute-frana-kamoka-jq1011690-parts-284972448.htm,https://www.epiesa.ro/produse_2018_4/185/1011690.bmp.jpg,KAMOKA,JQ1011690,None,
Kit distributie AISIN TSA-901,/kit-distributie-aisin-tsa-901-parts-272227290.htm,https://www.epiesa.ro/produse_2018_4/166/tsa-901 01.jpg,AISIN,TSA-901,None,
Set pompa apa + curea dintata HEPU K62004,/set-pompa-apa-curea-dintata-hepu-k62004-parts-279114143.htm,https://www.epiesa.ro/produse_2018_4/178/k62004.bmp.jpg,HEPU,K62004,None,
Set pompa apa + curea dintata HEPU K62046,/set-pompa-apa-curea-dintata-hepu-k62046-parts-279118800.htm,https://www.epiesa.ro/produse_2018_4/178/k62046.bmp.jpg,HEPU,K62046,None,
Set pompa apa + curea dintata HEPU K62059,/set-pompa-apa-curea-dintata-hepu-k62059-parts-279120299.htm,https://www.epiesa.ro/produse_2018_4/178/k62059.bmp.jpg,HEPU,K62059,None,
Filtru ulei AVS AUTOPARTS ZA129,/filtru-ulei-avs-autoparts-za129-parts-517610958.htm,https://www.epiesa.ro/produse_2018_4/4280/za129_1.jpg,AVS AUTOPARTS,ZA129,None,
Filtru ulei AUTOMOTOR France LATH10,/filtru-ulei-automotor-france-lath10-parts-521414999.htm,/images/no-photo.jpg,AUTOMOTOR France,LATH10,None,
Filtru ulei QUATTRO FRENI QF14A00008,/filtru-ulei-quattro-freni-qf14a00008-parts-522282237.htm,/images/no-photo.jpg,QUATTRO FRENI,QF14A00008,None,
Filtru ulei QUATTRO FRENI QF14A00069,/filtru-ulei-quattro-freni-qf14a00069-parts-522285330.htm,/images/no-photo.jpg,QUATTRO FRENI,QF14A00069,None,
Filtru ulei Omnicraft 2136006,/filtru-ulei-omnicraft-2136006-parts-529708053.htm,https://www.epiesa.ro/produse_2018_4/4380/214g.jpg,Omnicraft,2136006,None,
Filtru ulei EUROREPAR E149202,/filtru-ulei-eurorepar-e149202-parts-530475345.htm,https://www.epiesa.ro/produse_2018_4/4391/ppd_1611660080.jpg,EUROREPAR,E149202,None,
Filtru ulei DIAMAX DL1013,/filtru-ulei-diamax-dl1013-parts-530895604.htm,https://www.epiesa.ro/produse_2018_4/4396/dl1013.jpg,DIAMAX,DL1013,None,
Filtru ulei BSG BSG65-140-002,/filtru-ulei-bsg-bsg65-140-002-parts-537168733.htm,https://www.epiesa.ro/produse_2018_4/4455/bsg 65-140-002.jpg,BSG,BSG 65-140-002,None,
Filtru ulei BORG BECK BFO4011,/filtru-ulei-borg-beck-bfo4011-parts-489140938.htm,https://www.epiesa.ro/produse_2018_4/475/bfo4011-179546.jpg,BORG BECK,BFO4011,None,
Filtru ulei JAPKO 1ECO008,/filtru-ulei-japko-1eco008-parts-497913526.htm,https://www.epiesa.ro/produse_2018_4/481/1eco008_1.jpg,JAPKO,1ECO008,None,
Filtru ulei MULLER FILTER FOP204,/filtru-ulei-muller-filter-fop204-parts-503747491.htm,https://www.epiesa.ro/produse_2018_4/490/fop204.jpg,MULLER FILTER,FOP204,None,
Filtru ulei TECNECO FILTERS OL0204E,/filtru-ulei-tecneco-filters-ol0204e-parts-507369283.htm,https://www.epiesa.ro/produse_2018_4/4011/ol0204-e.jpg,TECNECO FILTERS,OL0204E,None,
Placute frana KAMOKA JQ1013208,/placute-frana-kamoka-jq1013208-parts-285022691.htm,https://www.epiesa.ro/produse_2018_4/185/jq1013208.bmp.jpg,KAMOKA,JQ1013208,None,
Placute frana DENCKERMANN B110631,/placute-frana-denckermann-b110631-parts-285397652.htm,https://www.epiesa.ro/produse_2018_4/186/b110631.jpg,DENCKERMANN,B110631,None,
Placute frana DENCKERMANN B110905,/placute-frana-denckermann-b110905-parts-285410171.htm,https://www.epiesa.ro/produse_2018_4/186/b110905.jpg,DENCKERMANN,B110905,None,
Placute frana NATIONAL NP2015,/placute-frana-national-np2015-parts-288497514.htm,https://www.epiesa.ro/produse_2018_4/190/np2015-744781.jpg,NATIONAL,NP2015,None,
Placute frana TRUSTING 122.0W,/placute-frana-trusting-122-0w-parts-296427396.htm,https://www.epiesa.ro/produse_2018_4/199/122.0w.jpg,TRUSTING,122.0W,None,
Placute frana A.B.S. 36881,/placute-frana-a-b-s-36881-parts-304038602.htm,https://www.epiesa.ro/produse_2018_4/206/36881.jpg,A.B.S.,36881,None,
Placute frana A.B.S. P68008,/placute-frana-a-b-s-p68008-parts-305783096.htm,https://www.epiesa.ro/produse_2018_4/206/p68008.jpg,A.B.S.,P68008,None,
Placute frana REMY RAP1021,/placute-frana-remy-rap1021-parts-313715047.htm,https://www.epiesa.ro/produse_2018_4/214/rap1021.jpg,REMY,RAP1021,None,
Kit distributie VEYANCE K5G1543H,/kit-distributie-veyance-k5g1543h-parts-279681581.htm,/images/no-photo.jpg,VEYANCE,K5G1543H,None,
Set pompa apa + curea dintata GK K980134A,/set-pompa-apa-curea-dintata-gk-k980134a-parts-280424123.htm,https://www.epiesa.ro/produse_2018_4/181/k980134a.bmp.jpg,GK,K980134A,None,
Set pompa apa + curea dintata GK K980135A,/set-pompa-apa-curea-dintata-gk-k980135a-parts-280424989.htm,https://www.epiesa.ro/produse_2018_4/181/k980135a.bmp.jpg,GK,K980135A,None,
Filtru ulei MISFAT Z617,/filtru-ulei-misfat-z617-parts-544849281.htm,https://www.epiesa.ro/produse_2018_4/4470/526.bmp.jpg,MISFAT,Z617,None,
Filtru ulei DJ PARTS FL1040,/filtru-ulei-dj-parts-fl1040-parts-554713310.htm,https://www.epiesa.ro/produse_2018_4/4519/photo not available.bmp.jpg,DJ PARTS,FL1040,None,
Filtru ulei ASAM 30526,/filtru-ulei-asam-30526-parts-570709929.htm,https://www.epiesa.ro/produse_2018_4/4576/30526.jpg,ASAM,30526,None,
Filtru ulei PEMEBLA JAPFO-098S,/filtru-ulei-pemebla-japfo-098s-parts-598268694.htm,/images/no-photo.jpg,PEMEBLA,JAPFO-098S,None,
Filtru ulei PEMEBLA JAPFO-398S,/filtru-ulei-pemebla-japfo-398s-parts-598273657.htm,/images/no-photo.jpg,PEMEBLA,JAPFO-398S,None,
Filtru ulei FIL FILTER ZP21C,/filtru-ulei-fil-filter-zp21c-parts-605264426.htm,https://www.epiesa.ro/produse_2018_4/4659/2078.jpg,FIL FILTER,ZP 21 C,None,
Filtru ulei GOODWILL OG215,/filtru-ulei-goodwill-og215-parts-605505834.htm,https://www.epiesa.ro/produse_2018_4/4663/og215.bmp.jpg,GOODWILL,OG 215,None,
Filtru ulei GOODWILL OG215HQ,/filtru-ulei-goodwill-og215hq-parts-605505966.htm,https://www.epiesa.ro/produse_2018_4/4663/og215hq(nst).bmp.jpg,GOODWILL,OG 215 HQ,None,
Filtru ulei Sampiyon Filtre CE1133EX,/filtru-ulei-sampiyon-filtre-ce1133ex-parts-513837659.htm,https://www.epiesa.ro/produse_2018_4/4263/ce 1001.jpg,Sampiyon Filtre,CE 1133 EX,None,
Filtru ulei WE PARTS 311080003,/filtru-ulei-we-parts-311080003-parts-515954074.htm,https://www.epiesa.ro/produse_2018_4/4275/14003.jpg,WE PARTS,311080003,None,
Filtru ulei AVS AUTOPARTS L011,/filtru-ulei-avs-autoparts-l011-parts-517487201.htm,https://www.epiesa.ro/produse_2018_4/4280/l011_2.jpg,AVS AUTOPARTS,L011,None,
Filtru ulei AUTOMOTOR France LATI01,/filtru-ulei-automotor-france-lati01-parts-521428616.htm,/images/no-photo.jpg,AUTOMOTOR France,LATI01,None,
Placute frana REMY RAP1335,/placute-frana-remy-rap1335-parts-313745709.htm,/images/no-photo.jpg,REMY,RAP1335,None,
Placute frana SCT Germany SP189PR,/placute-frana-sct-germany-sp189pr-parts-319129629.htm,https://www.epiesa.ro/produse_2018_4/225/br189.jpg,SCT Germany,SP 189 PR,None,
Placute frana NECTO FD6483A,/placute-frana-necto-fd6483a-parts-329239729.htm,https://www.epiesa.ro/produse_2018_4/242/fd6483a_80017.jpg,NECTO,FD6483A,None,
Placute frana NECTO FD6483N,/placute-frana-necto-fd6483n-parts-329239907.htm,https://www.epiesa.ro/produse_2018_4/242/fd6483a_80017.jpg,NECTO,FD6483N,None,
Placute frana MGA 325,/placute-frana-mga-325-parts-336542556.htm,https://www.epiesa.ro/produse_2018_4/249/325.jpg,MGA,325,None,
Placute frana ASHIKA 50-00-035,/placute-frana-ashika-50-00-035-parts-345561130.htm,https://www.epiesa.ro/produse_2018_4/257/50-00-035_1.jpg,ASHIKA,50-00-035,None,
Placute frana SASIC 6214010,/placute-frana-sasic-6214010-parts-348199705.htm,https://www.epiesa.ro/produse_2018_4/260/6214010.jpg,SASIC,6214010,None,
Placute frana DURON DBP340845,/placute-frana-duron-dbp340845-parts-351262735.htm,https://www.epiesa.ro/produse_2018_4/266/dbp340845_22105.jpg,DURON,DBP340845,None,
Set pompa apa + curea dintata GK K980251A,/set-pompa-apa-curea-dintata-gk-k980251a-parts-280442360.htm,https://www.epiesa.ro/produse_2018_4/181/k980251a.bmp.jpg,GK,K980251A,None,
Set pompa apa + curea dintata GK K980256A,/set-pompa-apa-curea-dintata-gk-k980256a-parts-280445009.htm,https://www.epiesa.ro/produse_2018_4/181/k980256a.bmp.jpg,GK,K980256A,None,
Set pompa apa + curea dintata GK K980259A,/set-pompa-apa-curea-dintata-gk-k980259a-parts-280445875.htm,https://www.epiesa.ro/produse_2018_4/181/k980259a.bmp.jpg,GK,K980259A,None,
Filtru ulei PROFIT 1540-0733,/filtru-ulei-profit-1540-0733-parts-616535107.htm,https://www.epiesa.ro/produse_2018_4/4686/1540-0733.jpg,PROFIT,1540-0733,None,
Filtru ulei JC PREMIUM B10007PR,/filtru-ulei-jc-premium-b10007pr-parts-618241055.htm,/images/no-photo.jpg,JC PREMIUM,B10007PR,None,
Filtru ulei JC PREMIUM B19913A,/filtru-ulei-jc-premium-b19913a-parts-618245860.htm,/images/no-photo.jpg,JC PREMIUM,B19913A,None,
Filtru ulei SIVENTO S20101,/filtru-ulei-sivento-s20101-parts-631934736.htm,https://www.epiesa.ro/produse_2018_4/4768/s20101_1.jpg,SIVENTO,S20101,None,
Filtru ulei 1A FIRST AUTOMOTIVE L40317,/filtru-ulei-1a-first-automotive-l40317-parts-640697483.htm,https://www.epiesa.ro/produse_2018_4/4814/fo317.jpg,1A FIRST AUTOMOTIVE,L40317,None,
Filtru ulei WILMINK GROUP WG1018233,/filtru-ulei-wilmink-group-wg1018233-parts-644632179.htm,/images/no-photo.jpg,WILMINK GROUP,WG1018233,None,
Filtru ulei WILMINK GROUP WG1217238,/filtru-ulei-wilmink-group-wg1217238-parts-652121908.htm,https://www.epiesa.ro/produse_2018_4/4832/1cce7011.jpg,WILMINK GROUP,WG1217238,None,
Filtru ulei WILMINK GROUP WG1217239,/filtru-ulei-wilmink-group-wg1217239-parts-652122058.htm,https://www.epiesa.ro/produse_2018_4/4832/1cce7011.jpg,WILMINK GROUP,WG1217239,None,
Filtru ulei WILMINK GROUP WG1284761,/filtru-ulei-wilmink-group-wg1284761-parts-655300677.htm,/images/no-photo.jpg,WILMINK GROUP,WG1284761,None,
Filtru ulei JS ASAKASHI OE0031,/filtru-ulei-js-asakashi-oe0031-parts-529221771.htm,https://www.epiesa.ro/produse_2018_4/4378/oe0031.bmp.jpg,JS ASAKASHI,OE0031,None,
Filtru ulei Omnicraft 2136164,/filtru-ulei-omnicraft-2136164-parts-529715505.htm,https://www.epiesa.ro/produse_2018_4/4380/210g.jpg,Omnicraft,2136164,None,
Filtru ulei EUROREPAR E149153,/filtru-ulei-eurorepar-e149153-parts-530470863.htm,https://www.epiesa.ro/produse_2018_4/4391/ppd_1609563980.jpg,EUROREPAR,E149153,None,
Placute frana FENOX BP43002,/placute-frana-fenox-bp43002-parts-359346590.htm,https://www.epiesa.ro/produse_2018_4/271/bp43002.jpg,FENOX,BP43002,None,
Placute frana DON PCP1005,/placute-frana-don-pcp1005-parts-361168399.htm,https://www.epiesa.ro/produse_2018_4/278/21463_182__2_4.jpg,DON,PCP1005,None,
Placute frana GIRLING 6104001,/placute-frana-girling-6104001-parts-363583764.htm,https://www.epiesa.ro/produse_2018_4/279/02796410061_1.bmp.jpg,GIRLING,6104001,None,
Placute frana KAWE 014120,/placute-frana-kawe-014120-parts-366066146.htm,https://www.epiesa.ro/produse_2018_4/286/0141-20.bmp.jpg,KAWE,0141 20,None,
Placute frana KAWE 014132,/placute-frana-kawe-014132-parts-366066718.htm,https://www.epiesa.ro/produse_2018_4/286/0141-32-model.bmp.jpg,KAWE,0141 32,None,
Placute frana KAWE 810001,/placute-frana-kawe-810001-parts-367876144.htm,https://www.epiesa.ro/produse_2018_4/286/810001.bmp.jpg,KAWE,810001,None,
Placute frana fri.tech. 122.0W,/placute-frana-fri-tech-122-0w-parts-376811939.htm,https://www.epiesa.ro/produse_2018_4/295/122.0w.jpg,fri.tech.,122.0W,None,
Placute frana sbs 1501229957,/placute-frana-sbs-1501229957-parts-379157630.htm,https://www.epiesa.ro/produse_2018_4/297/229957_1.jpg,sbs,1501229957,None,
Kit distributie BREDA LORETT KCD0584,/kit-distributie-breda-lorett-kcd0584-parts-292151467.htm,https://www.epiesa.ro/produse_2018_4/195/kcd0584.bmp.jpg,BREDA LORETT,KCD0584,None,
Set pompa apa + curea dintata AIRTEX WPK-177401,/set-pompa-apa-curea-dintata-airtex-wpk-177401-parts-315382162.htm,/images/no-photo.jpg,AIRTEX,WPK-177401,None,
Kit distributie FLENNOR F944458V,/kit-distributie-flennor-f944458v-parts-324661982.htm,https://www.epiesa.ro/produse_2018_4/236/f944458v_001.bmp.jpg,FLENNOR,F944458V,None,
Kit distributie HUTCHINSON KH194,/kit-distributie-hutchinson-kh194-parts-328588668.htm,https://www.epiesa.ro/produse_2018_4/239/kh 194.jpg,HUTCHINSON,KH 194,None,
Filtru ulei WILMINK GROUP WG1429982,/filtru-ulei-wilmink-group-wg1429982-parts-662469530.htm,https://www.epiesa.ro/produse_2018_4/4832/40 93 2122_1.jpg,WILMINK GROUP,WG1429982,None,
Filtru ulei WILMINK GROUP WG1746700,/filtru-ulei-wilmink-group-wg1746700-parts-668441091.htm,https://www.epiesa.ro/produse_2018_4/4832/15139.jpg,WILMINK GROUP,WG1746700,None,
Filtru ulei WILMINK GROUP WG1792545,/filtru-ulei-wilmink-group-wg1792545-parts-670699255.htm,/images/no-photo.jpg,WILMINK GROUP,WG1792545,None,
Filtru ulei FI.BA FL-948,/filtru-ulei-fi-ba-fl-948-parts-676367228.htm,https://www.epiesa.ro/produse_2018_4/4838/fl-948.jpg,FI.BA,FL-948,None,
Filtru ulei PZL SEDZISZOW PP471,/filtru-ulei-pzl-sedziszow-pp471-parts-680161070.htm,https://www.epiesa.ro/produse_2018_4/4848/pp471.jpg,PZL SEDZISZOW,PP471,None,
Filtru ulei LUCAS FILTERS LFOS110,/filtru-ulei-lucas-filters-lfos110-parts-712874120.htm,https://www.epiesa.ro/produse_2018_4/4973/lfos110.bmp.jpg,LUCAS FILTERS,LFOS110,None,
Filtru ulei DIAMAX DL1006,/filtru-ulei-diamax-dl1006-parts-530894932.htm,https://www.epiesa.ro/produse_2018_4/4396/dl1006.jpg,DIAMAX,DL1006,None,
Placute frana E.T.F. 12-0590,/placute-frana-e-t-f-12-0590-parts-386258412.htm,https://www.epiesa.ro/produse_2018_4/309/590.jpg,E.T.F.,12-0590,None,
Placute frana CIFAM 822-120-0K,/placute-frana-cifam-822-120-0k-parts-387626966.htm,https://www.epiesa.ro/produse_2018_4/311/822-120-0k.jpg,CIFAM,822-120-0K,None,
Placute frana FRIGAIR PD09.502,/placute-frana-frigair-pd09-502-parts-389135563.htm,https://www.epiesa.ro/produse_2018_4/313/pd09.502-a.jpg,FRIGAIR,PD09.502,None,
Kit distributie CAR DKS04.5056,/kit-distributie-car-dks04-5056-parts-330214095.htm,/images/no-photo.jpg,CAR,DKS04.5056,None,
Kit distributie Saleri SIL 4133880,/kit-distributie-saleri-sil-4133880-parts-332421506.htm,/images/no-photo.jpg,Saleri SIL,4133880,None,
Set pompa apa + curea dintata MGA 1355K1,/set-pompa-apa-curea-dintata-mga-1355k1-parts-336522157.htm,https://www.epiesa.ro/produse_2018_4/249/1355k1-1.jpg,MGA,1355K1,None,
Set pompa apa + curea dintata MGA 762K3,/set-pompa-apa-curea-dintata-mga-762k3-parts-336594625.htm,https://www.epiesa.ro/produse_2018_4/249/762k3-avec-ref.jpg,MGA,762K3,None,
Set pompa apa + curea dintata MGA 878K4,/set-pompa-apa-curea-dintata-mga-878k4-parts-336608501.htm,https://www.epiesa.ro/produse_2018_4/249/878k4-avec-ref.jpg,MGA,878K4,None,
Set pompa apa + curea dintata MGA 879K4,/set-pompa-apa-curea-dintata-mga-879k4-parts-336608722.htm,https://www.epiesa.ro/produse_2018_4/249/879k4-avec-ref.jpg,MGA,879K4,None,
Kit distributie MGA X543H5,/kit-distributie-mga-x543h5-parts-338362319.htm,https://www.epiesa.ro/produse_2018_4/249/x543h5-1.jpg,MGA,X543H5,None,
Kit distributie SASIC 1756003,/kit-distributie-sasic-1756003-parts-347514549.htm,https://www.epiesa.ro/produse_2018_4/260/1756003.jpg,SASIC,1756003,None,
Kit distributie IPD 20-1309,/kit-distributie-ipd-20-1309-parts-349300093.htm,https://www.epiesa.ro/produse_2018_4/262/20-1309.bmp.jpg,IPD,20-1309,None,
Filtru ulei BSG BSG90-140-006,/filtru-ulei-bsg-bsg90-140-006-parts-537435068.htm,https://www.epiesa.ro/produse_2018_4/4455/bsg 90-140-006.jpg,BSG,BSG 90-140-006,None,
Filtru ulei MISFAT L011A,/filtru-ulei-misfat-l011a-parts-544690423.htm,https://www.epiesa.ro/produse_2018_4/4470/301.bmp.jpg,MISFAT,L011A,None,
Placute frana MALO 1050381,/placute-frana-malo-1050381-parts-390310551.htm,https://www.epiesa.ro/produse_2018_4/317/1050381.jpg,MALO,1050381,None,
Placute frana AUTOMEGA 120054310,/placute-frana-automega-120054310-parts-393311543.htm,https://www.epiesa.ro/produse_2018_4/323/120054310.jpg,AUTOMEGA,120054310,None,
Placute frana BLUE PRINT ADR164203,/placute-frana-blue-print-adr164203-parts-413582558.htm,https://www.epiesa.ro/produse_2018_4/350/adr164203_1.jpg,BLUE PRINT,ADR164203,None,
Placute frana MASTER-SPORT 13046028342-SET-MS,/placute-frana-master-sport-13046028342-set-ms-parts-420461153.htm,https://www.epiesa.ro/produse_2018_4/358/13-0460-2834-2-set-ms.jpg,MASTER-SPORT,13046028342-SET-MS,None,
Placute frana MASTER-SPORT 13046028342K-SET-MS,/placute-frana-master-sport-13046028342k-set-ms-parts-420461266.htm,https://www.epiesa.ro/produse_2018_4/358/wbp28342k.jpg,MASTER-SPORT,13046028342K-SET-MS,None,
Placute frana MASTER-SPORT 13046028342N-SET-MS,/placute-frana-master-sport-13046028342n-set-ms-parts-420461395.htm,https://www.epiesa.ro/produse_2018_4/358/w13046028342n.jpg,MASTER-SPORT,13046028342N-SET-MS,None,
Set frana frana disc WOKING 80413.04,/set-frana-frana-disc-woking-80413-04-parts-424582220.htm,https://www.epiesa.ro/produse_2018_4/366/8141_04.bmp.jpg,WOKING,80413.04,None,
Set frana frana disc WOKING 80413.05,/set-frana-frana-disc-woking-80413-05-parts-424582319.htm,https://www.epiesa.ro/produse_2018_4/366/8141_05.bmp.jpg,WOKING,80413.05,None,
Set frana frana disc WOKING 80413.06,/set-frana-frana-disc-woking-80413-06-parts-424582418.htm,https://www.epiesa.ro/produse_2018_4/366/8141_06.bmp.jpg,WOKING,80413.06,None,
Set pompa apa + curea dintata IPD K62004,/set-pompa-apa-curea-dintata-ipd-k62004-parts-350073414.htm,https://www.epiesa.ro/produse_2018_4/262/k62004.bmp.jpg,IPD,K62004,None,
Set pompa apa + curea dintata IPD K62046,/set-pompa-apa-curea-dintata-ipd-k62046-parts-350077964.htm,https://www.epiesa.ro/produse_2018_4/262/k62046.bmp.jpg,IPD,K62046,None,
Set pompa apa + curea dintata IPD K62059,/set-pompa-apa-curea-dintata-ipd-k62059-parts-350079350.htm,https://www.epiesa.ro/produse_2018_4/262/k62059.bmp.jpg,IPD,K62059,None,
Filtru ulei DJ PARTS FL1274,/filtru-ulei-dj-parts-fl1274-parts-554728426.htm,https://www.epiesa.ro/produse_2018_4/4519/photo not available.bmp.jpg,DJ PARTS,FL1274,None,
Filtru ulei KSH-KOSHIMO 1801.0081005,/filtru-ulei-ksh-koshimo-1801-0081005-parts-555643766.htm,https://www.epiesa.ro/produse_2018_4/4522/1801.0081005.jpg,KSH-KOSHIMO,1801.0081005,None,
Filtru ulei KRAFT AUTOMOTIVE 1700070,/filtru-ulei-kraft-automotive-1700070-parts-562427021.htm,https://www.epiesa.ro/produse_2018_4/4546/k1700070.jpg,KRAFT AUTOMOTIVE,1700070,None,
Filtru ulei MOTAQUIP VFL505,/filtru-ulei-motaquip-vfl505-parts-569787589.htm,https://www.epiesa.ro/produse_2018_4/4564/vfl505-821385.jpg,MOTAQUIP,VFL505,None,
Filtru ulei ASAM 30555,/filtru-ulei-asam-30555-parts-570712997.htm,https://www.epiesa.ro/produse_2018_4/4576/30555.jpg,ASAM,30555,None,
Filtru ulei FLEETGUARD LF16176,/filtru-ulei-fleetguard-lf16176-parts-571742776.htm,https://www.epiesa.ro/produse_2018_4/4581/lf16176.jpg,FLEETGUARD,LF16176,None,
Filtru ulei LYNXauto LO-1006,/filtru-ulei-lynxauto-lo-1006-parts-583282358.htm,https://www.epiesa.ro/produse_2018_4/4600/lo-1006.bmp.jpg,LYNXauto,LO-1006,None,
Filtru ulei PEMEBLA JAPFO-ECO008,/filtru-ulei-pemebla-japfo-eco008-parts-598278775.htm,/images/no-photo.jpg,PEMEBLA,JAPFO-ECO008,None,
Placute frana WOKING P0413.20,/placute-frana-woking-p0413-20-parts-425067207.htm,https://www.epiesa.ro/produse_2018_4/366/0141-20.bmp.jpg,WOKING,P0413.20,None,
Placute frana WOKING P0413.32,/placute-frana-woking-p0413-32-parts-425067773.htm,https://www.epiesa.ro/produse_2018_4/366/0141-32-model.bmp.jpg,WOKING,P0413.32,None,
Placute frana OPEN PARTS BPA0141.32,/placute-frana-open-parts-bpa0141-32-parts-430924947.htm,https://www.epiesa.ro/produse_2018_4/378/bpa014132.jpg,OPEN PARTS,BPA0141.32,None,
Kit distributie FAI AutoParts TBK345,/kit-distributie-fai-autoparts-tbk345-parts-352295896.htm,https://www.epiesa.ro/produse_2018_4/267/tbk345.jpg,FAI AutoParts,TBK345,None,
Kit distributie JP GROUP 1112105200,/kit-distributie-jp-group-1112105200-parts-352469955.htm,https://www.epiesa.ro/produse_2018_4/268/1112105200.bmp.jpg,JP GROUP,1112105200,None,
Kit distributie AUTEX 702314,/kit-distributie-autex-702314-parts-382759477.htm,https://www.epiesa.ro/produse_2018_4/300/702314.bmp.jpg,AUTEX,702314,None,
Kit distributie TOPRAN 111198,/kit-distributie-topran-111198-parts-383967889.htm,https://www.epiesa.ro/produse_2018_4/301/110393.jpg,TOPRAN,111 198,None,
Kit distributie MALO 1551003,/kit-distributie-malo-1551003-parts-390876370.htm,https://www.epiesa.ro/produse_2018_4/317/t120301s.jpg,MALO,1551003,None,
Kit distributie TECHNOX KD20339C,/kit-distributie-technox-kd20339c-parts-394743092.htm,/images/no-photo.jpg,TECHNOX,KD20339C,None,
Curea de distributie KLAXCAR FRANCE 391201z,/curea-de-distributie-klaxcar-france-391201z-parts-434956328.htm,https://www.epiesa.ro/produse_2018_4/387/3468628804016.bmp.jpg,KLAXCAR FRANCE,391201z,None,
Kit distributie KLAXCAR FRANCE 40037k,/kit-distributie-klaxcar-france-40037k-parts-434969856.htm,/images/no-photo.jpg,KLAXCAR FRANCE,40037k,None,
Filtru ulei FIL FILTER MLE1348,/filtru-ulei-fil-filter-mle1348-parts-605247269.htm,https://www.epiesa.ro/produse_2018_4/4659/2054.jpg,FIL FILTER,MLE 1348,None,
Filtru ulei GOODWILL OG226ECO,/filtru-ulei-goodwill-og226eco-parts-605507528.htm,https://www.epiesa.ro/produse_2018_4/4663/og226eco(nst).bmp.jpg,GOODWILL,OG 226 ECO,None,
Filtru ulei PROFIT 1541-1057,/filtru-ulei-profit-1541-1057-parts-616546308.htm,https://www.epiesa.ro/produse_2018_4/4686/1541-1057.jpg,PROFIT,1541-1057,None,
Placute frana Brake ENGINEERING PA1956,/placute-frana-brake-engineering-pa1956-parts-433409472.htm,/images/no-photo.jpg,Brake ENGINEERING,PA1956,None,
Placute frana KLAXCAR FRANCE 24633z,/placute-frana-klaxcar-france-24633z-parts-434864162.htm,https://www.epiesa.ro/produse_2018_4/387/3468622463318.bmp.jpg,KLAXCAR FRANCE,24633z,None,
Placute frana BARUM BA2023,/placute-frana-barum-ba2023-parts-438510957.htm,https://www.epiesa.ro/produse_2018_4/394/ba2023.bmp.jpg,BARUM,BA2023,None,
Placute frana MAXGEAR 19-0459,/placute-frana-maxgear-19-0459-parts-441472775.htm,https://www.epiesa.ro/produse_2018_4/403/19-0459.jpg,MAXGEAR,19-0459,None,
Placute frana FREMAX FBP-0920,/placute-frana-fremax-fbp-0920-parts-448515479.htm,https://www.epiesa.ro/produse_2018_4/409/fbp0920.jpg,FREMAX,FBP-0920,None,
Placute frana COMLINE ADB1431,/placute-frana-comline-adb1431-parts-450377254.htm,https://www.epiesa.ro/produse_2018_4/421/adb1431-631237.jpg,COMLINE,ADB1431,None,
Placute frana STOP 571526S,/placute-frana-stop-571526s-parts-463093990.htm,https://www.epiesa.ro/produse_2018_4/438/571526s_1596434.jpg,STOP,571526S,None,
Placute frana NPS R360T01,/placute-frana-nps-r360t01-parts-465762247.htm,https://www.epiesa.ro/produse_2018_4/440/r360t01a.jpg,NPS,R360T01,None,
Kit distributie KLAXCAR FRANCE 40037z,/kit-distributie-klaxcar-france-40037z-parts-434969937.htm,https://www.epiesa.ro/produse_2018_4/387/3468624003710.bmp.jpg,KLAXCAR FRANCE,40037z,None,
Kit distributie COMLINE CTBK002,/kit-distributie-comline-ctbk002-parts-451304604.htm,https://www.epiesa.ro/produse_2018_4/421/ctbk002-635205.jpg,COMLINE,CTBK002,None,
Kit distributie BGA TB0120K,/kit-distributie-bga-tb0120k-parts-492163600.htm,https://www.epiesa.ro/produse_2018_4/478/tbkl001.jpg,BGA,TB0120K,None,
Filtru ulei SIVENTO S20054,/filtru-ulei-sivento-s20054-parts-631934036.htm,https://www.epiesa.ro/produse_2018_4/4768/s20054_1.jpg,SIVENTO,S20054,None,
Filtru ulei MDR MOF-3E08,/filtru-ulei-mdr-mof-3e08-parts-634191853.htm,https://www.epiesa.ro/produse_2018_4/4773/mof-3e08.jpg,MDR,MOF-3E08,None,
Locas filtru ulei DURER O1009,/locas-filtru-ulei-durer-o1009-parts-640450307.htm,https://www.epiesa.ro/produse_2018_4/4813/o-1009.jpg,DURER,O1009,None,
Filtru ulei 1A FIRST AUTOMOTIVE E50204,/filtru-ulei-1a-first-automotive-e50204-parts-640665739.htm,https://www.epiesa.ro/produse_2018_4/4814/fop204.jpg,1A FIRST AUTOMOTIVE,E50204,None,
Filtru ulei WILMINK GROUP WG1018452,/filtru-ulei-wilmink-group-wg1018452-parts-644650619.htm,/images/no-photo.jpg,WILMINK GROUP,WG1018452,None,
Filtru ulei WILMINK GROUP WG1217279,/filtru-ulei-wilmink-group-wg1217279-parts-652127521.htm,https://www.epiesa.ro/produse_2018_4/4832/1cce6afb.jpg,WILMINK GROUP,WG1217279,None,
Filtru ulei WILMINK GROUP WG1428579,/filtru-ulei-wilmink-group-wg1428579-parts-662336853.htm,https://www.epiesa.ro/produse_2018_4/4832/30 92 2544_1.jpg,WILMINK GROUP,WG1428579,None,
Filtru ulei WILMINK GROUP WG1746547,/filtru-ulei-wilmink-group-wg1746547-parts-668425511.htm,https://www.epiesa.ro/produse_2018_4/4832/14003.jpg,WILMINK GROUP,WG1746547,None,
Placute frana VILLAR 626.0349,/placute-frana-villar-626-0349-parts-480386815.htm,https://www.epiesa.ro/produse_2018_4/456/6260349.jpg,VILLAR,626.0349,None,
Set frana frana disc VILLAR 637.2005,/set-frana-frana-disc-villar-637-2005-parts-480855670.htm,https://www.epiesa.ro/produse_2018_4/456/no_imag.jpg,VILLAR,637.2005,None,
Set frana frana disc VILLAR 638.2006,/set-frana-frana-disc-villar-638-2006-parts-480862862.htm,https://www.epiesa.ro/produse_2018_4/456/no_imag.jpg,VILLAR,638.2006,None,
Kit distributie REPKIT RKTK0867,/kit-distributie-repkit-rktk0867-parts-520812191.htm,https://www.epiesa.ro/produse_2018_4/4330/rkt_04_5056.bmp.jpg,REPKIT,RKTK0867,None,
Kit distributie LUCAS LDK0165,/kit-distributie-lucas-ldk0165-parts-549565863.htm,https://www.epiesa.ro/produse_2018_4/4501/ldk0165.jpg,LUCAS,LDK0165,None,
Kit distributie MOTAQUIP VTT206,/kit-distributie-motaquip-vtt206-parts-570043802.htm,https://www.epiesa.ro/produse_2018_4/4564/vtt206-1628145.jpg,MOTAQUIP,VTT206,None,
Kit distributie BRT Bearings PBTK182,/kit-distributie-brt-bearings-pbtk182-parts-571288376.htm,https://www.epiesa.ro/produse_2018_4/4578/pbtk182.jpg,BRT Bearings,PBTK182,None,
Kit distributie LYNXauto PK-1094,/kit-distributie-lynxauto-pk-1094-parts-583579744.htm,/images/no-photo.jpg,LYNXauto,PK-1094,None,
Kit distributie AUTOKIT 04.5056,/kit-distributie-autokit-04-5056-parts-596944885.htm,https://www.epiesa.ro/produse_2018_4/4651/04_5056.bmp.jpg,AUTOKIT,04.5056,None,
Set garnituri etansare arbore motor PROCODIS FRANCE KBE002,/set-garnituri-etansare-arbore-motor-procodis-france-kbe002-parts-601421099.htm,/images/no-photo.jpg,PROCODIS FRANCE,KBE002,None,
Set garnituri etansare arbore motor PROCODIS FRANCE KBE003,/set-garnituri-etansare-arbore-motor-procodis-france-kbe003-parts-601421191.htm,/images/no-photo.jpg,PROCODIS FRANCE,KBE003,None,
Filtru ulei WILMINK GROUP WG1792643,/filtru-ulei-wilmink-group-wg1792643-parts-670709643.htm,/images/no-photo.jpg,WILMINK GROUP,WG1792643,None,
Filtru ulei FI.BA F-651,/filtru-ulei-fi-ba-f-651-parts-676182331.htm,https://www.epiesa.ro/produse_2018_4/4838/f-651.jpg,FI.BA,F-651,None,
Filtru ulei PZL SEDZISZOW WO1540X,/filtru-ulei-pzl-sedziszow-wo1540x-parts-680279781.htm,https://www.epiesa.ro/produse_2018_4/4848/wo1540x.jpg,PZL SEDZISZOW,WO1540X,None,
Placute frana DITAS DFB1400,/placute-frana-ditas-dfb1400-parts-486994928.htm,https://www.epiesa.ro/produse_2018_4/471/dfb1400.jpg,DITAS,DFB1400,None,
Placute frana BORG BECK BBP1386,/placute-frana-borg-beck-bbp1386-parts-488195659.htm,https://www.epiesa.ro/produse_2018_4/475/1939621296461745.jpg,BORG BECK,BBP1386,None,
Placute frana ALANKO 10300537,/placute-frana-alanko-10300537-parts-492476563.htm,/images/no-photo.jpg,ALANKO,10300537,None,
Placute frana ALANKO 10302013,/placute-frana-alanko-10302013-parts-492582258.htm,/images/no-photo.jpg,ALANKO,10302013,None,
Placute frana JAPKO 50035,/placute-frana-japko-50035-parts-498522347.htm,https://www.epiesa.ro/produse_2018_4/481/50035_1.jpg,JAPKO,50035,None,
Placute frana GALFER B1.G102-0501.2,/placute-frana-galfer-b1-g102-0501-2-parts-505071105.htm,https://www.epiesa.ro/produse_2018_4/500/g1020501.bmp.jpg,GALFER,B1.G102-0501.2,None,
Placute frana AKEBONO AN-4408WK,/placute-frana-akebono-an-4408wk-parts-511829909.htm,https://www.epiesa.ro/produse_2018_4/4024/an-4408wk.jpg,AKEBONO,AN-4408WK,None,
Placute frana AKEBONO AN-4408WKE,/placute-frana-akebono-an-4408wke-parts-511830055.htm,https://www.epiesa.ro/produse_2018_4/4024/an-4408wk.jpg,AKEBONO,AN-4408WKE,None,
Kit distributie PROCODIS FRANCE KTD3003,/kit-distributie-procodis-france-ktd3003-parts-601471538.htm,https://www.epiesa.ro/produse_2018_4/4655/ktd3003.jpg,PROCODIS FRANCE,KTD3003,None,
Kit distributie TREVI AUTOMOTIVE KD1221,/kit-distributie-trevi-automotive-kd1221-parts-626489086.htm,https://www.epiesa.ro/produse_2018_4/4732/3200d.jpg,TREVI AUTOMOTIVE,KD1221,None,
Kit distributie TREVI AUTOMOTIVE KD1221S,/kit-distributie-trevi-automotive-kd1221s-parts-626489194.htm,https://www.epiesa.ro/produse_2018_4/4732/3200ds.jpg,TREVI AUTOMOTIVE,KD1221S,None,
Filtru ulei LUCAS FILTERS LFOE201,/filtru-ulei-lucas-filters-lfoe201-parts-712861987.htm,https://www.epiesa.ro/produse_2018_4/4973/lfoe201.bmp.jpg,LUCAS FILTERS,LFOE201,None,
Filtru ulei NGH Autotechnik 03.01.009,/filtru-ulei-ngh-autotechnik-03-01-009-parts-720700684.htm,/images/no-photo.jpg,NGH Autotechnik,03.01.009,None,
Disc frana RYME 46055,/disc-frana-ryme-46055-parts-517972833.htm,https://www.epiesa.ro/produse_2018_4/4306/46055.jpg,RYME,46055,None,
Placute frana DYNAMATRIX DBP1781,/placute-frana-dynamatrix-dbp1781-parts-518870685.htm,/images/no-photo.jpg,DYNAMATRIX,DBP1781,None,
Placute frana AUTOMOTOR France ABP5070,/placute-frana-automotor-france-abp5070-parts-521120285.htm,https://www.epiesa.ro/produse_2018_4/4337/abp5070-1.jpg,AUTOMOTOR France,ABP5070,None,
Placute frana AUTOMOTOR France PBP5070,/placute-frana-automotor-france-pbp5070-parts-521498430.htm,https://www.epiesa.ro/produse_2018_4/4337/abp5070-1.jpg,AUTOMOTOR France,PBP5070,None,
Placute frana QUATTRO FRENI QF56800,/placute-frana-quattro-freni-qf56800-parts-522515479.htm,https://www.epiesa.ro/produse_2018_4/4339/qf56800_1.jpg,QUATTRO FRENI,QF56800,None,
Placute frana QUATTRO FRENI QF61800,/placute-frana-quattro-freni-qf61800-parts-522558390.htm,https://www.epiesa.ro/produse_2018_4/4339/qf61800_1.jpg,QUATTRO FRENI,QF61800,None,
Kit distributie TREVI AUTOMOTIVE KD1221S1,/kit-distributie-trevi-automotive-kd1221s1-parts-626489307.htm,https://www.epiesa.ro/produse_2018_4/4732/3200ds2.jpg,TREVI AUTOMOTIVE,KD1221S1,None,
Kit distributie TREVI AUTOMOTIVE KD1221S2,/kit-distributie-trevi-automotive-kd1221s2-parts-626489406.htm,https://www.epiesa.ro/produse_2018_4/4732/3200ds3.jpg,TREVI AUTOMOTIVE,KD1221S2,None,
Kit distributie AUTLOG ZK1035,/kit-distributie-autlog-zk1035-parts-627624626.htm,https://www.epiesa.ro/produse_2018_4/4737/zk1035.jpg,AUTLOG,ZK1035,None,
Placute frana QUATTRO FRENI QF61814,/placute-frana-quattro-freni-qf61814-parts-522558530.htm,/images/no-photo.jpg,QUATTRO FRENI,QF61814,None,
Placute frana BELACO BC845,/placute-frana-belaco-bc845-parts-528459038.htm,https://www.epiesa.ro/produse_2018_4/4373/21463_182__2_4.jpg,BELACO,BC845,None,
Placute frana TOMEX brakes TX11-78,/placute-frana-tomex-brakes-tx11-78-parts-528697345.htm,https://www.epiesa.ro/produse_2018_4/4377/tmx_11-78_wm_02.jpg,TOMEX brakes,TX 11-78,None,
Placute frana Omnicraft 2134838,/placute-frana-omnicraft-2134838-parts-529671292.htm,https://www.epiesa.ro/produse_2018_4/4380/2134838-1595980.jpg,Omnicraft,2134838,None,
Placute frana DIAMAX N09001,/placute-frana-diamax-n09001-parts-531194383.htm,https://www.epiesa.ro/produse_2018_4/4396/n09001.jpg,DIAMAX,N09001,None,
Placute frana VEMA 835150,/placute-frana-vema-835150-parts-534850668.htm,https://www.epiesa.ro/produse_2018_4/4425/835150.jpg,VEMA,835150,None,
Placute frana WAGNER WBP21463A,/placute-frana-wagner-wbp21463a-parts-548588301.htm,https://www.epiesa.ro/produse_2018_4/4498/wbp21463a_1597008.jpg,WAGNER,WBP21463A,None,
Placute frana PROTECHNIC PRP0004,/placute-frana-protechnic-prp0004-parts-555293667.htm,https://www.epiesa.ro/produse_2018_4/4520/prp0004.jpg,PROTECHNIC,PRP0004,None,
Kit distributie DURER 181144,/kit-distributie-durer-181144-parts-640363452.htm,https://www.epiesa.ro/produse_2018_4/4813/181144.jpg,DURER,181144,None,
Set pompa apa + curea dintata DURER PA181144,/set-pompa-apa-curea-dintata-durer-pa181144-parts-640454209.htm,https://www.epiesa.ro/produse_2018_4/4813/pa181144.jpg,DURER,PA181144,None,
Set pompa apa + curea dintata WILMINK GROUP WG1033900,/set-pompa-apa-curea-dintata-wilmink-group-wg1033900-parts-645576931.htm,/images/no-photo.jpg,WILMINK GROUP,WG1033900,None,
Placute frana APEC braking PAD810,/placute-frana-apec-braking-pad810-parts-560551328.htm,https://www.epiesa.ro/produse_2018_4/4537/pad810_1217922.jpg,APEC braking,PAD810,None,
Placute frana KRAFT AUTOMOTIVE 6005000,/placute-frana-kraft-automotive-6005000-parts-562832423.htm,https://www.epiesa.ro/produse_2018_4/4546/k6005000.jpg,KRAFT AUTOMOTIVE,6005000,None,
Placute frana KRAFT AUTOMOTIVE 6005130,/placute-frana-kraft-automotive-6005130-parts-562833550.htm,https://www.epiesa.ro/produse_2018_4/4546/k6005130.jpg,KRAFT AUTOMOTIVE,6005130,None,
Placute frana MOTAQUIP LVXL848,/placute-frana-motaquip-lvxl848-parts-569251935.htm,https://www.epiesa.ro/produse_2018_4/4564/lvxl848-818178.jpg,MOTAQUIP,LVXL848,None,
Placute frana ASAM 30094,/placute-frana-asam-30094-parts-570673208.htm,https://www.epiesa.ro/produse_2018_4/4576/30094.jpg,ASAM,30094,None,
Placute frana ASAM 32394,/placute-frana-asam-32394-parts-570775473.htm,https://www.epiesa.ro/produse_2018_4/4576/32394.jpg,ASAM,32394,None,
Placute frana ASAM 32998,/placute-frana-asam-32998-parts-570807204.htm,https://www.epiesa.ro/produse_2018_4/4576/32998.jpg,ASAM,32998,None,
Placute frana ASAM 80360,/placute-frana-asam-80360-parts-571093013.htm,https://www.epiesa.ro/produse_2018_4/4576/80360.jpg,ASAM,80360,None,
Set pompa apa + curea dintata WILMINK GROUP WG1033901,/set-pompa-apa-curea-dintata-wilmink-group-wg1033901-parts-645577044.htm,/images/no-photo.jpg,WILMINK GROUP,WG1033901,None,
Kit distributie WILMINK GROUP WG1054496,/kit-distributie-wilmink-group-wg1054496-parts-645968745.htm,https://www.epiesa.ro/produse_2018_4/4832/30 92 1724_1.jpg,WILMINK GROUP,WG1054496,None,
Kit distributie WILMINK GROUP WG1142060,/kit-distributie-wilmink-group-wg1142060-parts-647656282.htm,/images/no-photo.jpg,WILMINK GROUP,WG1142060,None,
Placute frana STELLOX 000137-SX,/placute-frana-stellox-000137-sx-parts-575933458.htm,/images/no-photo.jpg,STELLOX,000 137-SX,None,
Placute frana STELLOX 152002-SX,/placute-frana-stellox-152002-sx-parts-577494313.htm,https://www.epiesa.ro/produse_2018_4/4595/152 002-sx.jpg,STELLOX,152 002-SX,None,
Placute frana STELLOX 152030-SX,/placute-frana-stellox-152030-sx-parts-577494601.htm,https://www.epiesa.ro/produse_2018_4/4595/152 030-sx.jpg,STELLOX,152 030-SX,None,
Placute frana STELLOX 152032-SX,/placute-frana-stellox-152032-sx-parts-577494702.htm,https://www.epiesa.ro/produse_2018_4/4595/152 032-sx.jpg,STELLOX,152 032-SX,None,
Placute frana STELLOX 152032L-SX,/placute-frana-stellox-152032l-sx-parts-577494899.htm,/images/no-photo.jpg,STELLOX,152 032L-SX,None,
Placute frana LYNXauto BD-6301,/placute-frana-lynxauto-bd-6301-parts-582160251.htm,https://www.epiesa.ro/produse_2018_4/4600/bd-6301.1.bmp.jpg,LYNXauto,BD-6301,None,
Disc frana CASALS 55427,/disc-frana-casals-55427-parts-584368196.htm,https://www.epiesa.ro/produse_2018_4/4604/55427.jpg,CASALS,55427,None,
Disc frana CASALS 55428,/disc-frana-casals-55428-parts-584368337.htm,https://www.epiesa.ro/produse_2018_4/4604/55428.jpg,CASALS,55428,None,
Set pompa apa + curea dintata WILMINK GROUP WG1151931,/set-pompa-apa-curea-dintata-wilmink-group-wg1151931-parts-647956888.htm,/images/no-photo.jpg,WILMINK GROUP,WG1151931,None,
Set pompa apa + curea dintata WILMINK GROUP WG1151932,/set-pompa-apa-curea-dintata-wilmink-group-wg1151932-parts-647957002.htm,/images/no-photo.jpg,WILMINK GROUP,WG1151932,None,
Set pompa apa + curea dintata WILMINK GROUP WG1151933,/set-pompa-apa-curea-dintata-wilmink-group-wg1151933-parts-647957116.htm,/images/no-photo.jpg,WILMINK GROUP,WG1151933,None,
Disc frana CASALS 55429,/disc-frana-casals-55429-parts-584368476.htm,https://www.epiesa.ro/produse_2018_4/4604/55429.jpg,CASALS,55429,None,
Placute frana HELLA PAGID 8DB355018-131,/placute-frana-hella-pagid-8db355018-131-parts-591679168.htm,https://www.epiesa.ro/produse_2018_4/4625/355018131_c.jpg,HELLA PAGID,8DB 355 018-131,None,
Placute frana PEMEBLA JAPPA-035AF,/placute-frana-pemebla-jappa-035af-parts-598891555.htm,/images/no-photo.jpg,PEMEBLA,JAPPA-035AF,None,
Placute frana PROCODIS FRANCE PF1178,/placute-frana-procodis-france-pf1178-parts-601723888.htm,https://www.epiesa.ro/produse_2018_4/4655/pf1178.jpg,PROCODIS FRANCE,PF1178,None,
Placute frana GOODWILL 1013F,/placute-frana-goodwill-1013f-parts-605366495.htm,https://www.epiesa.ro/produse_2018_4/4663/1013f.bmp.jpg,GOODWILL,1013 F,None,
Placute frana GOODWILL 1013FX,/placute-frana-goodwill-1013fx-parts-605366599.htm,https://www.epiesa.ro/produse_2018_4/4663/1013fx.bmp.jpg,GOODWILL,1013 FX,None,
Placute frana STARLINE BDS025P,/placute-frana-starline-bds025p-parts-611705811.htm,/images/no-photo.jpg,STARLINE,BD S025P,None,
Placute frana COBREQ N-443,/placute-frana-cobreq-n-443-parts-613049142.htm,https://www.epiesa.ro/produse_2018_4/4678/21463_182__2_4.jpg,COBREQ,N-443,None,
Set pompa apa + curea dintata WILMINK GROUP WG1238258,/set-pompa-apa-curea-dintata-wilmink-group-wg1238258-parts-653397310.htm,/images/no-photo.jpg,WILMINK GROUP,WG1238258,None,
Set pompa apa + curea dintata WILMINK GROUP WG1238262,/set-pompa-apa-curea-dintata-wilmink-group-wg1238262-parts-653397661.htm,/images/no-photo.jpg,WILMINK GROUP,WG1238262,None,
Placute frana COBREQ N-448,/placute-frana-cobreq-n-448-parts-613049425.htm,https://www.epiesa.ro/produse_2018_4/4678/21463_182__2_4.jpg,COBREQ,N-448,None,
Placute frana NiBK PN0284W,/placute-frana-nibk-pn0284w-parts-614878394.htm,https://www.epiesa.ro/produse_2018_4/4682/pn0284w.bmp.jpg,NiBK,PN0284W,None,
Placute frana EUROBRAKE 5502229957,/placute-frana-eurobrake-5502229957-parts-632086677.htm,https://www.epiesa.ro/produse_2018_4/4770/229957_1.jpg,EUROBRAKE,5502229957,None,
Placute frana QUARO QP0910,/placute-frana-quaro-qp0910-parts-642407676.htm,https://www.epiesa.ro/produse_2018_4/4821/5901619551547_large.jpg,QUARO,QP0910,None,
Placute frana FI.BA FBP1243,/placute-frana-fi-ba-fbp1243-parts-676290993.htm,https://www.epiesa.ro/produse_2018_4/4838/fbp1243.jpg,FI.BA,FBP1243,None,
Placute frana G.U.D. GBP014120,/placute-frana-g-u-d-gbp014120-parts-679530634.htm,/images/no-photo.jpg,G.U.D.,GBP014120,None,
Placute frana ASIMCO KD7514,/placute-frana-asimco-kd7514-parts-680929208.htm,https://www.epiesa.ro/produse_2018_4/4854/kd7514.jpg,ASIMCO,KD7514,None,
Placute frana BREMSI BP2590,/placute-frana-bremsi-bp2590-parts-686819380.htm,https://www.epiesa.ro/produse_2018_4/4872/bp2590_1.jpg,BREMSI,BP2590,None,
Placute frana BSF 10248,/placute-frana-bsf-10248-parts-688028738.htm,https://www.epiesa.ro/produse_2018_4/4878/10248.jpg,BSF,10248,None,
Set pompa apa + curea dintata WILMINK GROUP WG1238270,/set-pompa-apa-curea-dintata-wilmink-group-wg1238270-parts-653398334.htm,/images/no-photo.jpg,WILMINK GROUP,WG1238270,None,
Set pompa apa + curea dintata WILMINK GROUP WG1238288,/set-pompa-apa-curea-dintata-wilmink-group-wg1238288-parts-653400079.htm,/images/no-photo.jpg,WILMINK GROUP,WG1238288,None,
Placute frana KEY PARTS KBP1386,/placute-frana-key-parts-kbp1386-parts-688439304.htm,https://www.epiesa.ro/produse_2018_4/4879/kbp1386-833798.jpg,KEY PARTS,KBP1386,None,
Placute frana FOMAR Friction FO724281,/placute-frana-fomar-friction-fo724281-parts-690889697.htm,https://www.epiesa.ro/produse_2018_4/4887/fo724281.jpg,FOMAR Friction,FO 724281,None,
Placute frana JURATEK JCP845,/placute-frana-juratek-jcp845-parts-694686972.htm,https://www.epiesa.ro/produse_2018_4/4935/jcp845-890067.jpg,JURATEK,JCP845,None,
Placute frana FIT FP3350E,/placute-frana-fit-fp3350e-parts-694997735.htm,https://www.epiesa.ro/produse_2018_4/4937/fp3350e.bmp.jpg,FIT,FP3350E,None,
Placute frana Dr!ve DP1010.10.0539,/placute-frana-dr-ve-dp1010-10-0539-parts-699495826.htm,https://www.epiesa.ro/produse_2018_4/4948/0141-20-model.bmp.jpg,Dr!ve,DP1010.10.0539,None,
Placute frana R BRAKE RB0554,/placute-frana-r-brake-rb0554-parts-700446524.htm,https://www.epiesa.ro/produse_2018_4/4955/180554.PNG,R BRAKE,RB0554,None,
Placute frana R BRAKE RB0554-700,/placute-frana-r-brake-rb0554-700-parts-700446732.htm,https://www.epiesa.ro/produse_2018_4/4955/180554-700.PNG,R BRAKE,RB0554-700,None,
Placute frana R BRAKE RB0993,/placute-frana-r-brake-rb0993-parts-700509171.htm,https://www.epiesa.ro/produse_2018_4/4955/180993.PNG,R BRAKE,RB0993,None,
Placute frana R BRAKE RB0993-700,/placute-frana-r-brake-rb0993-700-parts-700509582.htm,https://www.epiesa.ro/produse_2018_4/4955/180993-700.PNG,R BRAKE,RB0993-700,None,
Set pompa apa + curea dintata WILMINK GROUP WG1238292,/set-pompa-apa-curea-dintata-wilmink-group-wg1238292-parts-653400430.htm,/images/no-photo.jpg,WILMINK GROUP,WG1238292,None,
Kit distributie WILMINK GROUP WG1251431,/kit-distributie-wilmink-group-wg1251431-parts-654285783.htm,https://www.epiesa.ro/produse_2018_4/4832/530020110.jpg,WILMINK GROUP,WG1251431,None,
Placute frana HSB GOLD HP9467,/placute-frana-hsb-gold-hp9467-parts-714920506.htm,https://www.epiesa.ro/produse_2018_4/4998/hp9467.jpg,HSB GOLD,HP9467,None,
Placute frana QWP WBP286,/placute-frana-qwp-wbp286-parts-720407693.htm,https://www.epiesa.ro/produse_2018_4/7000/720407693.jpg,QWP,WBP286,None,
Placute frana STARLINE LARN.115,/placute-frana-starline-larn-115-parts-720906480.htm,/images/no-photo.jpg,STARLINE,LA RN.115,None,
Set pompa apa + curea dintata WILMINK GROUP WG1429209,/set-pompa-apa-curea-dintata-wilmink-group-wg1429209-parts-662397758.htm,https://www.epiesa.ro/produse_2018_4/4832/30 94 0618_1.jpg,WILMINK GROUP,WG1429209,None,
Set pompa apa + curea dintata WILMINK GROUP WG1429289,/set-pompa-apa-curea-dintata-wilmink-group-wg1429289-parts-662406053.htm,https://www.epiesa.ro/produse_2018_4/4832/30 94 5133_1.jpg,WILMINK GROUP,WG1429289,None,
Kit distributie WILMINK GROUP WG1487918,/kit-distributie-wilmink-group-wg1487918-parts-665095647.htm,/images/no-photo.jpg,WILMINK GROUP,WG1487918,None,
Set garnituri etansare arbore motor WILMINK GROUP WG1755277,/set-garnituri-etansare-arbore-motor-wilmink-group-wg1755277-parts-669086886.htm,/images/no-photo.jpg,WILMINK GROUP,WG1755277,None,
Set garnituri etansare arbore motor WILMINK GROUP WG1755278,/set-garnituri-etansare-arbore-motor-wilmink-group-wg1755278-parts-669086978.htm,/images/no-photo.jpg,WILMINK GROUP,WG1755278,None,
Set garnituri etansare arbore motor WILMINK GROUP WG1755281,/set-garnituri-etansare-arbore-motor-wilmink-group-wg1755281-parts-669087248.htm,/images/no-photo.jpg,WILMINK GROUP,WG1755281,None,
Set garnituri etansare arbore motor WILMINK GROUP WG1755286,/set-garnituri-etansare-arbore-motor-wilmink-group-wg1755286-parts-669087698.htm,/images/no-photo.jpg,WILMINK GROUP,WG1755286,None,
Rola ghidare / conducere curea distributie TRICLO 423964,/rola-ghidare-conducere-curea-distributie-triclo-423964-parts-712366562.htm,https://www.epiesa.ro/produse_2018_4/4970/423964.jpg,TRICLO,423964,None,
Rola intinzator curea distributie TRICLO 423966,/rola-intinzator-curea-distributie-triclo-423966-parts-712366750.htm,https://www.epiesa.ro/produse_2018_4/4970/423966.jpg,TRICLO,423966,None,
Kit distributie QWP WTS010,/kit-distributie-qwp-wts010-parts-720420653.htm,https://www.epiesa.ro/produse_2018_4/7000/720420653.jpg,QWP,WTS010,None,
